PT_ID;VAR1;VAR2;VAR3;SECTION;TILE
40840500;0.333;0;0.333;LKO_CAN;40
40852342;1.0;1;0.0;LKO_CAN;40
40852344;0.826;1;0.0;LKO_CAN;40
40853333;1.0;1;0.0;LKO_CAN;40
40854327;1.0;1;0.0;LKO_CAN;40
40854328;0.377;1;0.0;LKO_CAN;40
40854365;0.443;1;0.0;LKO_CAN;40
40854367;0.896;1;0.0;LKO_CAN;40
40854368;0.583;1;0.0;LKO_CAN;40
40854369;0.658;1;0.0;LKO_CAN;40
40854371;0.343;1;0.0;LKO_CAN;40
40855379;1.0;1;0.0;LKO_CAN;40
40856378;0.95;1;0.0;LKO_CAN;40
40857320;0.497;1;0.0;LKO_CAN;40
40858388;0.755;1;0.0;LKO_CAN;40
40860502;0.163;0;0.163;LKO_CAN;40
40861390;1.0;1;0.0;LKO_CAN;40
40863392;0.573;1;0.0;LKO_CAN;40
40864394;1.0;1;0.0;LKO_CAN;40
40870298;1.0;1;0.0;LKO_CAN;40
40870299;0.553;1;0.0;LKO_CAN;40
40874296;1.0;1;0.0;LKO_CAN;40
40875296;0.558;1;0.0;LKO_CAN;40
40875502;1.0;1;0.0;LKO_CAN;40
40878296;1.0;1;0.0;LKO_CAN;40
40878473;0.167;0;0.167;LKO_CAN;40
40881465;0.333;0;0.333;LKO_CAN;40
40883295;0.769;1;0.0;LKO_CAN;40
40883296;0.532;1;0.0;LKO_CAN;40
40887295;0.628;1;0.0;LKO_CAN;40
40891419;0.333;1;0.0;LKO_CAN;40
40892294;0.554;1;0.0;LKO_CAN;40
40892418;0.264;1;0.0;LKO_CAN;40
40893421;0.151;0;0.151;LKO_CAN;40
40893422;0.553;1;0.0;LKO_CAN;40
40894422;0.166;0;0.166;LKO_CAN;40
40894458;0.183;1;0.0;LKO_CAN;40
40895457;0.333;0;0.333;LKO_CAN;40
40895458;0.333;0;0.333;LKO_CAN;40
40896447;0.133;1;0.0;LKO_CAN;40
40896456;0.333;0;0.333;LKO_CAN;40
40896457;0.333;0;0.333;LKO_CAN;40
40897446;0.231;1;0.0;LKO_CAN;40
40897455;0.333;0;0.333;LKO_CAN;40
40897456;0.248;0;0.248;LKO_CAN;40
40898454;0.333;0;0.333;LKO_CAN;40
40898455;0.333;0;0.333;LKO_CAN;40
40899422;0.222;0;0.222;LKO_CAN;40
40899454;0.333;0;0.333;LKO_CAN;40
40899455;0.333;0;0.333;LKO_CAN;40
40900420;0.281;1;0.0;LKO_CAN;40
40900421;1.0;1;0.0;LKO_CAN;40
40900422;0.333;1;0.0;LKO_CAN;40
40901414;0.474;1;0.0;LKO_CAN;40
40901420;0.147;1;0.0;LKO_CAN;40
40901421;0.212;1;0.0;LKO_CAN;40
40901422;1.0;1;0.0;LKO_CAN;40
40901453;0.333;0;0.333;LKO_CAN;40
40902453;0.333;0;0.333;LKO_CAN;40
40902459;0.206;0;0.206;LKO_CAN;40
40902460;0.285;1;0.0;LKO_CAN;40
40903443;0.333;0;0.333;LKO_CAN;40
40903453;0.333;0;0.333;LKO_CAN;40
40903454;0.124;1;0.0;LKO_CAN;40
40904441;0.181;0;0.181;LKO_CAN;40
40904453;0.333;0;0.333;LKO_CAN;40
40904454;0.333;0;0.333;LKO_CAN;40
40904461;0.328;0;0.328;LKO_CAN;40
40905420;0.174;1;0.0;LKO_CAN;40
40905453;0.269;0;0.269;LKO_CAN;40
40905454;0.27;0;0.27;LKO_CAN;40
40905461;0.278;0;0.278;LKO_CAN;40
40906419;0.914;1;0.0;LKO_CAN;40
40906458;0.258;0;0.258;LKO_CAN;40
40906459;0.212;0;0.212;LKO_CAN;40
40907454;0.333;0;0.333;LKO_CAN;40
40907456;0.135;0;0.135;LKO_CAN;40
40907457;0.264;0;0.264;LKO_CAN;40
40907458;0.114;0;0.114;LKO_CAN;40
40907459;0.26;0;0.26;LKO_CAN;40
40907460;0.324;0;0.324;LKO_CAN;40
40908454;0.144;0;0.144;LKO_CAN;40
40908455;0.333;0;0.333;LKO_CAN;40
40908459;0.264;0;0.264;LKO_CAN;40
40909455;0.133;0;0.133;LKO_CAN;40
40910441;0.329;1;0.0;LKO_CAN;40
40910442;0.333;1;0.0;LKO_CAN;40
40912453;0.333;0;0.333;LKO_CAN;40
40913445;0.243;1;0.0;LKO_CAN;40
40914440;0.333;1;0.0;LKO_CAN;40
40914444;0.731;1;0.0;LKO_CAN;40
40914445;0.453;1;0.0;LKO_CAN;40
40914450;1.0;1;0.0;LKO_CAN;40
40914451;0.314;1;0.0;LKO_CAN;40
40915442;0.363;1;0.0;LKO_CAN;40
40915444;1.0;1;0.0;LKO_CAN;40
40916440;0.865;1;0.0;LKO_CAN;40
40916441;0.333;1;0.0;LKO_CAN;40
40916442;0.812;1;0.0;LKO_CAN;40
40916443;0.333;1;0.0;LKO_CAN;40
40916446;1.0;1;0.0;LKO_CAN;40
40916447;0.309;1;0.0;LKO_CAN;40
40916448;1.0;1;0.0;LKO_CAN;40
40917440;0.291;1;0.0;LKO_CAN;40
40917441;0.234;1;0.0;LKO_CAN;40
40917442;0.976;1;0.0;LKO_CAN;40
40917443;0.333;1;0.0;LKO_CAN;40
40917444;0.319;1;0.0;LKO_CAN;40
40917445;1.0;1;0.0;LKO_CAN;40
40917446;0.973;1;0.0;LKO_CAN;40
40917447;0.675;1;0.0;LKO_CAN;40
40918440;1.0;1;0.0;LKO_CAN;40
40918441;0.232;1;0.0;LKO_CAN;40
40918442;0.153;1;0.0;LKO_CAN;40
40918443;0.186;1;0.0;LKO_CAN;40
40918444;1.0;1;0.0;LKO_CAN;40
40918445;0.246;1;0.0;LKO_CAN;40
40918446;0.333;1;0.0;LKO_CAN;40
40918447;1.0;1;0.0;LKO_CAN;40
40918459;0.252;0;0.252;LKO_CAN;40
40919439;0.402;1;0.0;LKO_CAN;40
40919440;1.0;1;0.0;LKO_CAN;40
40919441;0.214;1;0.0;LKO_CAN;40
40919442;0.885;1;0.0;LKO_CAN;40
40919443;0.656;1;0.0;LKO_CAN;40
40919444;0.883;1;0.0;LKO_CAN;40
40919445;1.0;1;0.0;LKO_CAN;40
40919446;1.0;1;0.0;LKO_CAN;40
40919447;0.96;1;0.0;LKO_CAN;40
40920439;0.504;1;0.0;LKO_CAN;40
40920441;0.542;1;0.0;LKO_CAN;40
40920443;0.542;1;0.0;LKO_CAN;40
40920444;0.59;1;0.0;LKO_CAN;40
40920445;0.333;1;0.0;LKO_CAN;40
40920446;1.0;1;0.0;LKO_CAN;40
40920447;0.333;1;0.0;LKO_CAN;40
40920461;0.322;1;0.0;LKO_CAN;40
40921439;0.581;1;0.0;LKO_CAN;40
40921441;0.629;1;0.0;LKO_CAN;40
40921442;0.715;1;0.0;LKO_CAN;40
40921443;0.399;1;0.0;LKO_CAN;40
40921444;0.367;1;0.0;LKO_CAN;40
40921445;0.788;1;0.0;LKO_CAN;40
40921446;0.333;1;0.0;LKO_CAN;40
40921447;0.333;1;0.0;LKO_CAN;40
40921460;0.292;1;0.0;LKO_CAN;40
40921461;0.266;0;0.266;LKO_CAN;40
40922441;0.707;1;0.0;LKO_CAN;40
40922442;0.702;1;0.0;LKO_CAN;40
40922443;0.608;1;0.0;LKO_CAN;40
40922445;0.195;1;0.0;LKO_CAN;40
40922446;0.183;1;0.0;LKO_CAN;40
40922447;0.333;1;0.0;LKO_CAN;40
40923461;0.333;1;0.0;LKO_CAN;40
40924461;0.333;1;0.0;LKO_CAN;40
40925457;0.659;1;0.0;LKO_CAN;40
40925461;0.112;0;0.112;LKO_CAN;40
40925462;1.0;1;0.0;LKO_CAN;40
40926456;0.271;1;0.0;LKO_CAN;40
40926457;0.333;1;0.0;LKO_CAN;40
40926462;1.0;1;0.0;LKO_CAN;40
40927456;0.261;1;0.0;LKO_CAN;40
40927457;0.839;1;0.0;LKO_CAN;40
40927458;0.333;1;0.0;LKO_CAN;40
40928458;0.812;1;0.0;LKO_CAN;40
40928459;0.199;1;0.0;LKO_CAN;40
40930456;0.553;1;0.0;LKO_CAN;40
40930457;0.127;1;0.0;LKO_CAN;40
40931457;0.259;1;0.0;LKO_CAN;40
40931471;1.0;1;0.0;LKO_CAN;40
40936472;0.13;1;0.0;LKO_CAN;40
40949287;1.0;1;0.0;LKO_CAN;40
40950496;0.426;1;0.0;LKO_CAN;40
40956501;1.0;1;0.0;LKO_CAN;40
40957502;1.0;1;0.0;LKO_CAN;40
40970509;0.947;1;0.0;LKO_CAN;40
40970537;0.506;1;0.0;LKO_CAN;40
40971540;0.861;1;0.0;LKO_CAN;40
40972541;0.962;1;0.0;LKO_CAN;40
40973541;1.0;1;0.0;LKO_CAN;40
40973542;1.0;1;0.0;LKO_CAN;40
40973543;0.888;1;0.0;LKO_CAN;40
40974540;1.0;1;0.0;LKO_CAN;40
40974541;0.628;1;0.0;LKO_CAN;40
40974542;0.816;1;0.0;LKO_CAN;40
40974543;0.368;1;0.0;LKO_CAN;40
40974545;1.0;1;0.0;LKO_CAN;40
40975530;1.0;1;0.0;LKO_CAN;40
40975531;1.0;1;0.0;LKO_CAN;40
40975532;0.341;1;0.0;LKO_CAN;40
40975542;0.856;1;0.0;LKO_CAN;40
40975543;0.541;1;0.0;LKO_CAN;40
40975544;0.736;1;0.0;LKO_CAN;40
40975545;0.677;1;0.0;LKO_CAN;40
40975546;0.648;1;0.0;LKO_CAN;40
40976528;0.48;1;0.0;LKO_CAN;40
40976529;0.922;1;0.0;LKO_CAN;40
40976530;1.0;1;0.0;LKO_CAN;40
40976531;1.0;1;0.0;LKO_CAN;40
40976544;0.72;1;0.0;LKO_CAN;40
40976545;0.456;1;0.0;LKO_CAN;40
40976546;0.613;1;0.0;LKO_CAN;40
40976547;1.0;1;0.0;LKO_CAN;40
40977287;1.0;1;0.0;LKO_CAN;40
40977528;0.405;1;0.0;LKO_CAN;40
40977529;0.696;1;0.0;LKO_CAN;40
40977530;1.0;1;0.0;LKO_CAN;40
40977545;0.946;1;0.0;LKO_CAN;40
40977546;0.965;1;0.0;LKO_CAN;40
40977547;1.0;1;0.0;LKO_CAN;40
40977548;1.0;1;0.0;LKO_CAN;40
40977549;0.866;1;0.0;LKO_CAN;40
40978287;1.0;1;0.0;LKO_CAN;40
40978528;0.397;1;0.0;LKO_CAN;40
40978544;1.0;1;0.0;LKO_CAN;40
40978545;1.0;1;0.0;LKO_CAN;40
40978546;0.792;1;0.0;LKO_CAN;40
40978547;0.92;1;0.0;LKO_CAN;40
40978548;1.0;1;0.0;LKO_CAN;40
40978549;0.944;1;0.0;LKO_CAN;40
40978550;1.0;1;0.0;LKO_CAN;40
40979546;0.76;1;0.0;LKO_CAN;40
40979547;1.0;1;0.0;LKO_CAN;40
40979548;1.0;1;0.0;LKO_CAN;40
40979549;1.0;1;0.0;LKO_CAN;40
40980521;0.599;1;0.0;LKO_CAN;40
40980547;1.0;1;0.0;LKO_CAN;40
40980548;1.0;1;0.0;LKO_CAN;40
40980549;1.0;1;0.0;LKO_CAN;40
40980550;0.468;1;0.0;LKO_CAN;40
40980553;1.0;1;0.0;LKO_CAN;40
40981518;1.0;1;0.0;LKO_CAN;40
40981521;1.0;1;0.0;LKO_CAN;40
40981522;1.0;1;0.0;LKO_CAN;40
40981523;0.784;1;0.0;LKO_CAN;40
40981535;0.561;1;0.0;LKO_CAN;40
40981554;1.0;1;0.0;LKO_CAN;40
40982287;0.814;1;0.0;LKO_CAN;40
40982516;0.387;1;0.0;LKO_CAN;40
40982517;0.44;1;0.0;LKO_CAN;40
40982518;1.0;1;0.0;LKO_CAN;40
40982519;0.799;1;0.0;LKO_CAN;40
40982520;0.592;1;0.0;LKO_CAN;40
40982522;0.997;1;0.0;LKO_CAN;40
40982523;1.0;1;0.0;LKO_CAN;40
40982527;1.0;1;0.0;LKO_CAN;40
40982532;0.975;1;0.0;LKO_CAN;40
40982533;0.761;1;0.0;LKO_CAN;40
40982554;1.0;1;0.0;LKO_CAN;40
40982555;0.898;1;0.0;LKO_CAN;40
40983287;0.749;1;0.0;LKO_CAN;40
40983516;0.43;1;0.0;LKO_CAN;40
40983517;0.776;1;0.0;LKO_CAN;40
40983518;0.638;1;0.0;LKO_CAN;40
40983522;0.683;1;0.0;LKO_CAN;40
40983531;1.0;1;0.0;LKO_CAN;40
40983532;1.0;1;0.0;LKO_CAN;40
40983550;1.0;1;0.0;LKO_CAN;40
40983555;1.0;1;0.0;LKO_CAN;40
40983556;1.0;1;0.0;LKO_CAN;40
40984522;1.0;1;0.0;LKO_CAN;40
40984527;1.0;1;0.0;LKO_CAN;40
40984530;1.0;1;0.0;LKO_CAN;40
40984531;0.936;1;0.0;LKO_CAN;40
40984532;1.0;1;0.0;LKO_CAN;40
40984555;1.0;1;0.0;LKO_CAN;40
40985521;0.822;1;0.0;LKO_CAN;40
40985522;0.936;1;0.0;LKO_CAN;40
40985527;0.56;1;0.0;LKO_CAN;40
40985531;0.376;1;0.0;LKO_CAN;40
40985532;1.0;1;0.0;LKO_CAN;40
40986520;0.603;1;0.0;LKO_CAN;40
40986521;0.598;1;0.0;LKO_CAN;40
40986522;1.0;1;0.0;LKO_CAN;40
40986528;0.655;1;0.0;LKO_CAN;40
40987518;0.494;1;0.0;LKO_CAN;40
40987519;0.699;1;0.0;LKO_CAN;40
40987520;0.448;1;0.0;LKO_CAN;40
40987521;0.739;1;0.0;LKO_CAN;40
40987522;1.0;1;0.0;LKO_CAN;40
40987525;1.0;1;0.0;LKO_CAN;40
40988288;0.5;1;0.0;LKO_CAN;40
40988516;0.568;1;0.0;LKO_CAN;40
40988517;0.736;1;0.0;LKO_CAN;40
40988518;0.77;1;0.0;LKO_CAN;40
40988519;0.511;1;0.0;LKO_CAN;40
40988520;0.819;1;0.0;LKO_CAN;40
40988521;0.539;1;0.0;LKO_CAN;40
40988522;1.0;1;0.0;LKO_CAN;40
40988525;0.917;1;0.0;LKO_CAN;40
40988526;0.981;1;0.0;LKO_CAN;40
40988529;0.856;1;0.0;LKO_CAN;40
40989289;0.628;1;0.0;LKO_CAN;40
40989514;0.71;1;0.0;LKO_CAN;40
40989515;1.0;1;0.0;LKO_CAN;40
40989516;1.0;1;0.0;LKO_CAN;40
40989517;0.896;1;0.0;LKO_CAN;40
40989518;0.949;1;0.0;LKO_CAN;40
40989519;0.778;1;0.0;LKO_CAN;40
40989520;0.816;1;0.0;LKO_CAN;40
40989521;0.757;1;0.0;LKO_CAN;40
40989522;1.0;1;0.0;LKO_CAN;40
40989523;1.0;1;0.0;LKO_CAN;40
40989524;1.0;1;0.0;LKO_CAN;40
40989525;0.616;1;0.0;LKO_CAN;40
40989526;0.712;1;0.0;LKO_CAN;40
40990513;0.686;1;0.0;LKO_CAN;40
40990514;0.766;1;0.0;LKO_CAN;40
40990515;0.776;1;0.0;LKO_CAN;40
40990516;0.763;1;0.0;LKO_CAN;40
40990517;0.504;1;0.0;LKO_CAN;40
40990520;0.602;1;0.0;LKO_CAN;40
40990521;0.906;1;0.0;LKO_CAN;40
40990522;0.8;1;0.0;LKO_CAN;40
40990523;1.0;1;0.0;LKO_CAN;40
40990524;0.898;1;0.0;LKO_CAN;40
40990525;0.938;1;0.0;LKO_CAN;40
40990526;0.954;1;0.0;LKO_CAN;40
40991513;0.633;1;0.0;LKO_CAN;40
40991514;0.468;1;0.0;LKO_CAN;40
40991515;0.37;1;0.0;LKO_CAN;40
40991518;0.661;1;0.0;LKO_CAN;40
40991519;1.0;1;0.0;LKO_CAN;40
40991520;0.778;1;0.0;LKO_CAN;40
40991521;0.896;1;0.0;LKO_CAN;40
40991522;1.0;1;0.0;LKO_CAN;40
40991523;1.0;1;0.0;LKO_CAN;40
40991524;0.949;1;0.0;LKO_CAN;40
40991525;0.92;1;0.0;LKO_CAN;40
40992513;0.386;1;0.0;LKO_CAN;40
40992517;0.493;1;0.0;LKO_CAN;40
40992518;0.805;1;0.0;LKO_CAN;40
40992519;1.0;1;0.0;LKO_CAN;40
40992520;0.933;1;0.0;LKO_CAN;40
40992521;0.877;1;0.0;LKO_CAN;40
40992522;1.0;1;0.0;LKO_CAN;40
40992523;1.0;1;0.0;LKO_CAN;40
40992524;1.0;1;0.0;LKO_CAN;40
40993516;0.376;1;0.0;LKO_CAN;40
40993517;0.976;1;0.0;LKO_CAN;40
40993518;0.904;1;0.0;LKO_CAN;40
40993519;0.832;1;0.0;LKO_CAN;40
40993520;0.858;1;0.0;LKO_CAN;40
40993521;1.0;1;0.0;LKO_CAN;40
40993522;0.992;1;0.0;LKO_CAN;40
40993523;1.0;1;0.0;LKO_CAN;40
40994289;0.966;1;0.0;LKO_CAN;40
40994517;0.789;1;0.0;LKO_CAN;40
40994518;0.728;1;0.0;LKO_CAN;40
40994519;0.901;1;0.0;LKO_CAN;40
40994520;0.941;1;0.0;LKO_CAN;40
40994522;0.818;1;0.0;LKO_CAN;40
40994526;1.0;1;0.0;LKO_CAN;40
40995517;0.605;1;0.0;LKO_CAN;40
40995518;0.613;1;0.0;LKO_CAN;40
40995519;0.733;1;0.0;LKO_CAN;40
40996524;0.781;1;0.0;LKO_CAN;40
40997524;0.681;1;0.0;LKO_CAN;40
40998523;0.685;1;0.0;LKO_CAN;40
40999288;0.581;1;0.0;LKO_CAN;40
40999289;0.869;1;0.0;LKO_CAN;40
40999522;0.354;1;0.0;LKO_CAN;40
40999523;1.0;1;0.0;LKO_CAN;40
41000163;1.0;1;0.0;LKO_CAN;41
41000166;1.0;1;0.0;LKO_CAN;41
41000397;0.342;1;0.0;LKO_CAN;41
41001166;1.0;1;0.0;LKO_CAN;41
41001397;0.561;1;0.0;LKO_CAN;41
41002169;0.946;1;0.0;LKO_CAN;41
41002396;0.542;1;0.0;LKO_CAN;41
41002397;0.79;1;0.0;LKO_CAN;41
41003395;0.358;1;0.0;LKO_CAN;41
41004395;0.865;1;0.0;LKO_CAN;41
41006157;0.933;1;0.0;LKO_CAN;41
41006158;0.497;1;0.0;LKO_CAN;41
41006172;0.438;1;0.0;LKO_CAN;41
41007157;0.85;1;0.0;LKO_CAN;41
41007173;0.75;1;0.0;LKO_CAN;41
41008156;0.509;1;0.0;LKO_CAN;41
41008157;0.648;1;0.0;LKO_CAN;41
41009159;0.856;1;0.0;LKO_CAN;41
41010155;0.423;1;0.0;LKO_CAN;41
41010174;0.353;1;0.0;LKO_CAN;41
41010394;0.394;1;0.0;LKO_CAN;41
41011394;0.882;1;0.0;LKO_CAN;41
41012153;0.968;1;0.0;LKO_CAN;41
41013393;0.426;1;0.0;LKO_CAN;41
41014152;0.669;1;0.0;LKO_CAN;41
41014393;0.706;1;0.0;LKO_CAN;41
41017150;0.637;1;0.0;LKO_CAN;41
41017151;0.768;1;0.0;LKO_CAN;41
41017153;1.0;1;0.0;LKO_CAN;41
41018149;0.786;1;0.0;LKO_CAN;41
41019152;0.341;1;0.0;LKO_CAN;41
41020149;0.418;1;0.0;LKO_CAN;41
41021148;1.0;1;0.0;LKO_CAN;41
41021151;0.381;1;0.0;LKO_CAN;41
41023148;0.586;1;0.0;LKO_CAN;41
41025147;1.0;1;0.0;LKO_CAN;41
41025150;0.37;1;0.0;LKO_CAN;41
41025174;1.0;1;0.0;LKO_CAN;41
41026174;0.957;1;0.0;LKO_CAN;41
41026175;0.701;1;0.0;LKO_CAN;41
41026388;0.736;1;0.0;LKO_CAN;41
41027385;0.416;1;0.0;LKO_CAN;41
41027386;0.496;1;0.0;LKO_CAN;41
41027387;1.0;1;0.0;LKO_CAN;41
41029147;0.348;1;0.0;LKO_CAN;41
41030151;0.581;1;0.0;LKO_CAN;41
41030384;1.0;1;0.0;LKO_CAN;41
41031147;1.0;1;0.0;LKO_CAN;41
41031151;1.0;1;0.0;LKO_CAN;41
41031177;0.741;1;0.0;LKO_CAN;41
41032151;0.82;1;0.0;LKO_CAN;41
41032177;0.676;1;0.0;LKO_CAN;41
41033151;0.915;1;0.0;LKO_CAN;41
41033178;1.0;1;0.0;LKO_CAN;41
41035148;0.342;1;0.0;LKO_CAN;41
41035381;0.336;1;0.0;LKO_CAN;41
41036381;0.477;1;0.0;LKO_CAN;41
41037179;0.553;1;0.0;LKO_CAN;41
41039148;0.95;1;0.0;LKO_CAN;41
41040148;0.681;1;0.0;LKO_CAN;41
41041181;0.886;1;0.0;LKO_CAN;41
41041371;0.757;1;0.0;LKO_CAN;41
41042149;0.506;1;0.0;LKO_CAN;41
41044182;1.0;1;0.0;LKO_CAN;41
41045148;0.363;1;0.0;LKO_CAN;41
41046148;1.0;1;0.0;LKO_CAN;41
41050184;0.356;1;0.0;LKO_CAN;41
41050367;0.557;1;0.0;LKO_CAN;41
41051184;1.0;1;0.0;LKO_CAN;41
41052147;1.0;1;0.0;LKO_CAN;41
41052366;1.0;1;0.0;LKO_CAN;41
41053147;1.0;1;0.0;LKO_CAN;41
41053364;0.536;1;0.0;LKO_CAN;41
41054147;1.0;1;0.0;LKO_CAN;41
41055147;0.613;1;0.0;LKO_CAN;41
41056070;0.664;1;0.0;LKO_CAN;41
41056151;0.341;1;0.0;LKO_CAN;41
41056362;0.823;1;0.0;LKO_CAN;41
41057147;0.506;1;0.0;LKO_CAN;41
41058071;0.869;1;0.0;LKO_CAN;41
41058152;0.968;1;0.0;LKO_CAN;41
41060153;0.738;1;0.0;LKO_CAN;41
41060359;0.736;1;0.0;LKO_CAN;41
41061154;0.693;1;0.0;LKO_CAN;41
41061188;0.87;1;0.0;LKO_CAN;41
41062357;0.642;1;0.0;LKO_CAN;41
41063074;1.0;1;0.0;LKO_CAN;41
41064075;1.0;1;0.0;LKO_CAN;41
41064143;1.0;1;0.0;LKO_CAN;41
41064144;0.349;1;0.0;LKO_CAN;41
41064147;1.0;1;0.0;LKO_CAN;41
41064356;0.469;1;0.0;LKO_CAN;41
41065143;0.369;1;0.0;LKO_CAN;41
41065145;0.386;1;0.0;LKO_CAN;41
41065152;0.882;1;0.0;LKO_CAN;41
41065154;0.752;1;0.0;LKO_CAN;41
41065155;0.554;1;0.0;LKO_CAN;41
41065159;1.0;1;0.0;LKO_CAN;41
41065191;1.0;1;0.0;LKO_CAN;41
41066155;0.869;1;0.0;LKO_CAN;41
41066192;1.0;1;0.0;LKO_CAN;41
41067157;0.578;1;0.0;LKO_CAN;41
41067161;0.768;1;0.0;LKO_CAN;41
41068158;0.413;1;0.0;LKO_CAN;41
41068192;0.433;1;0.0;LKO_CAN;41
41068193;0.62;1;0.0;LKO_CAN;41
41068194;0.878;1;0.0;LKO_CAN;41
41069193;1.0;1;0.0;LKO_CAN;41
41069194;0.966;1;0.0;LKO_CAN;41
41070193;1.0;1;0.0;LKO_CAN;41
41070194;0.701;1;0.0;LKO_CAN;41
41070195;0.435;1;0.0;LKO_CAN;41
41070353;0.879;1;0.0;LKO_CAN;41
41071083;0.865;1;0.0;LKO_CAN;41
41072162;0.856;1;0.0;LKO_CAN;41
41072163;0.489;1;0.0;LKO_CAN;41
41072166;1.0;1;0.0;LKO_CAN;41
41072351;0.663;1;0.0;LKO_CAN;41
41072352;0.343;1;0.0;LKO_CAN;41
41073163;0.361;1;0.0;LKO_CAN;41
41073166;0.537;1;0.0;LKO_CAN;41
41073194;0.985;1;0.0;LKO_CAN;41
41074163;1.0;1;0.0;LKO_CAN;41
41074167;0.423;1;0.0;LKO_CAN;41
41075088;0.554;1;0.0;LKO_CAN;41
41075164;0.974;1;0.0;LKO_CAN;41
41075167;0.577;1;0.0;LKO_CAN;41
41076165;0.564;1;0.0;LKO_CAN;41
41077097;1.0;1;0.0;LKO_CAN;41
41077166;0.399;1;0.0;LKO_CAN;41
41077167;0.359;1;0.0;LKO_CAN;41
41077347;0.962;1;0.0;LKO_CAN;41
41078092;0.522;1;0.0;LKO_CAN;41
41079347;1.0;1;0.0;LKO_CAN;41
41080095;0.535;1;0.0;LKO_CAN;41
41080169;0.378;1;0.0;LKO_CAN;41
41080172;0.621;1;0.0;LKO_CAN;41
41080201;0.8;1;0.0;LKO_CAN;41
41080202;0.565;1;0.0;LKO_CAN;41
41081169;0.754;1;0.0;LKO_CAN;41
41081202;0.624;1;0.0;LKO_CAN;41
41081208;0.505;1;0.0;LKO_CAN;41
41082207;0.532;1;0.0;LKO_CAN;41
41082220;0.644;1;0.0;LKO_CAN;41
41082347;0.609;1;0.0;LKO_CAN;41
41083171;1.0;1;0.0;LKO_CAN;41
41083206;0.436;1;0.0;LKO_CAN;41
41083223;0.765;1;0.0;LKO_CAN;41
41083225;0.741;1;0.0;LKO_CAN;41
41084171;0.642;1;0.0;LKO_CAN;41
41084172;0.824;1;0.0;LKO_CAN;41
41084205;0.562;1;0.0;LKO_CAN;41
41084206;0.629;1;0.0;LKO_CAN;41
41084207;1.0;1;0.0;LKO_CAN;41
41084208;0.957;1;0.0;LKO_CAN;41
41084211;0.569;1;0.0;LKO_CAN;41
41084223;0.335;1;0.0;LKO_CAN;41
41084226;0.86;1;0.0;LKO_CAN;41
41085171;1.0;1;0.0;LKO_CAN;41
41085172;0.685;1;0.0;LKO_CAN;41
41085205;0.583;1;0.0;LKO_CAN;41
41085206;0.837;1;0.0;LKO_CAN;41
41085207;1.0;1;0.0;LKO_CAN;41
41085208;1.0;1;0.0;LKO_CAN;41
41086172;0.674;1;0.0;LKO_CAN;41
41086175;1.0;1;0.0;LKO_CAN;41
41086201;0.583;1;0.0;LKO_CAN;41
41086206;0.629;1;0.0;LKO_CAN;41
41086207;0.69;1;0.0;LKO_CAN;41
41086208;0.685;1;0.0;LKO_CAN;41
41086228;1.0;1;0.0;LKO_CAN;41
41086229;0.897;1;0.0;LKO_CAN;41
41087173;0.362;1;0.0;LKO_CAN;41
41087206;0.529;1;0.0;LKO_CAN;41
41087207;0.581;1;0.0;LKO_CAN;41
41088204;0.604;1;0.0;LKO_CAN;41
41088207;0.503;1;0.0;LKO_CAN;41
41088211;0.992;1;0.0;LKO_CAN;41
41089172;0.338;1;0.0;LKO_CAN;41
41089203;0.668;1;0.0;LKO_CAN;41
41089347;0.426;1;0.0;LKO_CAN;41
41090173;0.471;1;0.0;LKO_CAN;41
41090347;0.856;1;0.0;LKO_CAN;41
41091176;0.493;1;0.0;LKO_CAN;41
41091194;0.907;1;0.0;LKO_CAN;41
41091198;0.336;1;0.0;LKO_CAN;41
41091202;1.0;1;0.0;LKO_CAN;41
41091203;0.431;1;0.0;LKO_CAN;41
41092198;0.701;1;0.0;LKO_CAN;41
41092200;0.429;1;0.0;LKO_CAN;41
41092201;1.0;1;0.0;LKO_CAN;41
41092210;0.868;1;0.0;LKO_CAN;41
41093204;1.0;1;0.0;LKO_CAN;41
41093205;0.933;1;0.0;LKO_CAN;41
41093344;0.776;1;0.0;LKO_CAN;41
41094199;0.359;1;0.0;LKO_CAN;41
41094200;0.957;1;0.0;LKO_CAN;41
41094207;0.439;1;0.0;LKO_CAN;41
41095193;1.0;1;0.0;LKO_CAN;41
41095199;0.604;1;0.0;LKO_CAN;41
41095200;1.0;1;0.0;LKO_CAN;41
41095206;0.6;1;0.0;LKO_CAN;41
41096106;0.85;1;0.0;LKO_CAN;41
41096197;0.38;1;0.0;LKO_CAN;41
41096344;0.821;1;0.0;LKO_CAN;41
41097105;0.527;1;0.0;LKO_CAN;41
41097106;1.0;1;0.0;LKO_CAN;41
41097204;1.0;1;0.0;LKO_CAN;41
41098106;0.596;1;0.0;LKO_CAN;41
41098107;1.0;1;0.0;LKO_CAN;41
41098204;0.673;1;0.0;LKO_CAN;41
41099192;1.0;1;0.0;LKO_CAN;41
41099196;0.473;1;0.0;LKO_CAN;41
41099204;0.964;1;0.0;LKO_CAN;41
41100107;0.479;1;0.0;LKO_CAN;41
41100192;1.0;1;0.0;LKO_CAN;41
41100196;0.877;1;0.0;LKO_CAN;41
41100199;0.42;1;0.0;LKO_CAN;41
41100202;0.441;1;0.0;LKO_CAN;41
41100204;1.0;1;0.0;LKO_CAN;41
41101176;1.0;1;0.0;LKO_CAN;41
41101192;1.0;1;0.0;LKO_CAN;41
41101196;1.0;1;0.0;LKO_CAN;41
41101199;0.94;1;0.0;LKO_CAN;41
41102107;0.556;1;0.0;LKO_CAN;41
41102108;1.0;1;0.0;LKO_CAN;41
41102187;0.73;1;0.0;LKO_CAN;41
41102205;0.778;1;0.0;LKO_CAN;41
41103176;0.677;1;0.0;LKO_CAN;41
41103177;0.533;1;0.0;LKO_CAN;41
41103178;0.559;1;0.0;LKO_CAN;41
41103193;0.594;1;0.0;LKO_CAN;41
41103194;1.0;1;0.0;LKO_CAN;41
41104177;0.802;1;0.0;LKO_CAN;41
41104178;0.445;1;0.0;LKO_CAN;41
41104186;0.389;1;0.0;LKO_CAN;41
41104195;0.567;1;0.0;LKO_CAN;41
41104196;1.0;1;0.0;LKO_CAN;41
41104201;0.976;1;0.0;LKO_CAN;41
41104204;1.0;1;0.0;LKO_CAN;41
41105108;0.885;1;0.0;LKO_CAN;41
41105185;0.738;1;0.0;LKO_CAN;41
41105186;1.0;1;0.0;LKO_CAN;41
41105195;0.626;1;0.0;LKO_CAN;41
41105196;0.736;1;0.0;LKO_CAN;41
41105197;1.0;1;0.0;LKO_CAN;41
41105198;0.443;1;0.0;LKO_CAN;41
41106109;0.485;1;0.0;LKO_CAN;41
41106178;0.49;1;0.0;LKO_CAN;41
41106179;0.487;1;0.0;LKO_CAN;41
41106182;0.602;1;0.0;LKO_CAN;41
41106197;0.746;1;0.0;LKO_CAN;41
41106198;0.904;1;0.0;LKO_CAN;41
41106199;0.925;1;0.0;LKO_CAN;41
41106200;0.744;1;0.0;LKO_CAN;41
41106201;0.709;1;0.0;LKO_CAN;41
41106202;0.525;1;0.0;LKO_CAN;41
41107109;0.647;1;0.0;LKO_CAN;41
41107110;1.0;1;0.0;LKO_CAN;41
41107178;0.477;1;0.0;LKO_CAN;41
41107179;0.68;1;0.0;LKO_CAN;41
41107184;0.965;1;0.0;LKO_CAN;41
41107200;0.336;1;0.0;LKO_CAN;41
41107209;0.692;1;0.0;LKO_CAN;41
41108110;1.0;1;0.0;LKO_CAN;41
41108191;1.0;1;0.0;LKO_CAN;41
41109112;0.487;1;0.0;LKO_CAN;41
41109180;0.573;1;0.0;LKO_CAN;41
41109183;0.41;1;0.0;LKO_CAN;41
41109184;0.664;1;0.0;LKO_CAN;41
41109185;0.88;1;0.0;LKO_CAN;41
41109186;0.447;1;0.0;LKO_CAN;41
41109190;0.589;1;0.0;LKO_CAN;41
41109339;0.835;1;0.0;LKO_CAN;41
41110112;1.0;1;0.0;LKO_CAN;41
41110180;0.826;1;0.0;LKO_CAN;41
41110181;0.557;1;0.0;LKO_CAN;41
41110184;1.0;1;0.0;LKO_CAN;41
41110185;1.0;1;0.0;LKO_CAN;41
41110186;0.397;1;0.0;LKO_CAN;41
41110190;1.0;1;0.0;LKO_CAN;41
41111185;0.405;1;0.0;LKO_CAN;41
41111196;0.611;1;0.0;LKO_CAN;41
41111208;0.722;1;0.0;LKO_CAN;41
41111339;1.0;1;0.0;LKO_CAN;41
41112114;0.85;1;0.0;LKO_CAN;41
41112197;0.373;1;0.0;LKO_CAN;41
41113189;0.645;1;0.0;LKO_CAN;41
41113197;1.0;1;0.0;LKO_CAN;41
41113338;0.83;1;0.0;LKO_CAN;41
41114116;1.0;1;0.0;LKO_CAN;41
41114189;1.0;1;0.0;LKO_CAN;41
41115115;0.751;1;0.0;LKO_CAN;41
41115116;1.0;1;0.0;LKO_CAN;41
41115256;0.666;1;0.0;LKO_CAN;41
41116188;0.341;1;0.0;LKO_CAN;41
41116256;0.703;1;0.0;LKO_CAN;41
41116257;0.612;1;0.0;LKO_CAN;41
41117117;1.0;1;0.0;LKO_CAN;41
41117181;0.549;1;0.0;LKO_CAN;41
41117197;1.0;1;0.0;LKO_CAN;41
41118181;0.426;1;0.0;LKO_CAN;41
41118197;0.582;1;0.0;LKO_CAN;41
41119120;1.0;1;0.0;LKO_CAN;41
41119180;1.0;1;0.0;LKO_CAN;41
41119183;0.637;1;0.0;LKO_CAN;41
41120188;1.0;1;0.0;LKO_CAN;41
41121121;0.639;1;0.0;LKO_CAN;41
41121179;0.602;1;0.0;LKO_CAN;41
41121196;0.899;1;0.0;LKO_CAN;41
41123178;0.596;1;0.0;LKO_CAN;41
41123195;0.877;1;0.0;LKO_CAN;41
41124178;0.415;1;0.0;LKO_CAN;41
41124187;0.856;1;0.0;LKO_CAN;41
41125123;1.0;1;0.0;LKO_CAN;41
41125124;0.855;1;0.0;LKO_CAN;41
41125127;0.383;1;0.0;LKO_CAN;41
41125177;0.985;1;0.0;LKO_CAN;41
41126129;1.0;1;0.0;LKO_CAN;41
41126177;0.769;1;0.0;LKO_CAN;41
41126194;0.576;1;0.0;LKO_CAN;41
41126199;0.454;1;0.0;LKO_CAN;41
41126264;0.49;1;0.0;LKO_CAN;41
41127126;0.619;1;0.0;LKO_CAN;41
41127127;0.61;1;0.0;LKO_CAN;41
41127176;0.885;1;0.0;LKO_CAN;41
41127178;0.681;1;0.0;LKO_CAN;41
41127186;0.954;1;0.0;LKO_CAN;41
41127199;0.462;1;0.0;LKO_CAN;41
41128127;1.0;1;0.0;LKO_CAN;41
41128128;1.0;1;0.0;LKO_CAN;41
41128178;0.724;1;0.0;LKO_CAN;41
41128198;0.547;1;0.0;LKO_CAN;41
41128205;0.446;1;0.0;LKO_CAN;41
41129175;0.689;1;0.0;LKO_CAN;41
41129176;0.449;1;0.0;LKO_CAN;41
41129177;0.484;1;0.0;LKO_CAN;41
41129197;0.345;1;0.0;LKO_CAN;41
41129198;0.771;1;0.0;LKO_CAN;41
41129199;0.334;1;0.0;LKO_CAN;41
41129205;1.0;1;0.0;LKO_CAN;41
41130143;0.442;1;0.0;LKO_CAN;41
41130144;1.0;1;0.0;LKO_CAN;41
41130175;0.447;1;0.0;LKO_CAN;41
41130176;0.681;1;0.0;LKO_CAN;41
41130197;0.344;1;0.0;LKO_CAN;41
41130198;0.814;1;0.0;LKO_CAN;41
41131144;0.402;1;0.0;LKO_CAN;41
41131174;0.451;1;0.0;LKO_CAN;41
41131175;0.348;1;0.0;LKO_CAN;41
41131176;0.365;1;0.0;LKO_CAN;41
41131178;0.505;1;0.0;LKO_CAN;41
41131197;0.461;1;0.0;LKO_CAN;41
41131198;0.537;1;0.0;LKO_CAN;41
41131205;0.462;1;0.0;LKO_CAN;41
41132131;1.0;1;0.0;LKO_CAN;41
41132137;0.5;1;0.0;LKO_CAN;41
41132147;0.712;1;0.0;LKO_CAN;41
41132174;0.705;1;0.0;LKO_CAN;41
41132175;0.567;1;0.0;LKO_CAN;41
41132176;0.408;1;0.0;LKO_CAN;41
41132178;0.463;1;0.0;LKO_CAN;41
41132184;0.794;1;0.0;LKO_CAN;41
41132192;0.958;1;0.0;LKO_CAN;41
41132205;0.731;1;0.0;LKO_CAN;41
41133133;0.695;1;0.0;LKO_CAN;41
41133137;0.458;1;0.0;LKO_CAN;41
41133138;1.0;1;0.0;LKO_CAN;41
41133146;0.535;1;0.0;LKO_CAN;41
41133148;0.66;1;0.0;LKO_CAN;41
41133174;0.994;1;0.0;LKO_CAN;41
41133175;0.747;1;0.0;LKO_CAN;41
41133176;0.369;1;0.0;LKO_CAN;41
41133177;0.56;1;0.0;LKO_CAN;41
41133178;0.528;1;0.0;LKO_CAN;41
41133198;0.43;1;0.0;LKO_CAN;41
41133270;0.8;1;0.0;LKO_CAN;41
41134135;0.895;1;0.0;LKO_CAN;41
41134136;1.0;1;0.0;LKO_CAN;41
41134137;0.386;1;0.0;LKO_CAN;41
41134147;0.872;1;0.0;LKO_CAN;41
41134150;1.0;1;0.0;LKO_CAN;41
41134173;1.0;1;0.0;LKO_CAN;41
41134174;0.964;1;0.0;LKO_CAN;41
41134175;0.873;1;0.0;LKO_CAN;41
41134176;0.75;1;0.0;LKO_CAN;41
41134177;0.948;1;0.0;LKO_CAN;41
41134178;0.44;1;0.0;LKO_CAN;41
41134179;0.37;1;0.0;LKO_CAN;41
41134183;0.589;1;0.0;LKO_CAN;41
41134196;0.398;1;0.0;LKO_CAN;41
41134197;0.971;1;0.0;LKO_CAN;41
41134198;0.531;1;0.0;LKO_CAN;41
41135134;0.402;1;0.0;LKO_CAN;41
41135135;0.546;1;0.0;LKO_CAN;41
41135149;1.0;1;0.0;LKO_CAN;41
41135151;0.823;1;0.0;LKO_CAN;41
41135173;0.397;1;0.0;LKO_CAN;41
41135174;0.756;1;0.0;LKO_CAN;41
41135175;0.685;1;0.0;LKO_CAN;41
41135176;1.0;1;0.0;LKO_CAN;41
41135177;1.0;1;0.0;LKO_CAN;41
41135178;1.0;1;0.0;LKO_CAN;41
41135179;0.384;1;0.0;LKO_CAN;41
41135197;1.0;1;0.0;LKO_CAN;41
41135198;0.942;1;0.0;LKO_CAN;41
41135271;0.632;1;0.0;LKO_CAN;41
41135325;0.989;1;0.0;LKO_CAN;41
41136137;0.912;1;0.0;LKO_CAN;41
41136148;0.775;1;0.0;LKO_CAN;41
41136152;0.956;1;0.0;LKO_CAN;41
41136172;1.0;1;0.0;LKO_CAN;41
41136173;0.516;1;0.0;LKO_CAN;41
41136174;0.493;1;0.0;LKO_CAN;41
41136175;0.91;1;0.0;LKO_CAN;41
41136176;1.0;1;0.0;LKO_CAN;41
41136177;0.801;1;0.0;LKO_CAN;41
41136178;0.577;1;0.0;LKO_CAN;41
41136191;1.0;1;0.0;LKO_CAN;41
41136196;0.863;1;0.0;LKO_CAN;41
41136197;0.963;1;0.0;LKO_CAN;41
41136198;0.971;1;0.0;LKO_CAN;41
41137139;1.0;1;0.0;LKO_CAN;41
41137140;1.0;1;0.0;LKO_CAN;41
41137146;0.94;1;0.0;LKO_CAN;41
41137147;0.459;1;0.0;LKO_CAN;41
41137153;0.823;1;0.0;LKO_CAN;41
41137172;0.7;1;0.0;LKO_CAN;41
41137174;0.911;1;0.0;LKO_CAN;41
41137175;1.0;1;0.0;LKO_CAN;41
41137176;1.0;1;0.0;LKO_CAN;41
41137177;1.0;1;0.0;LKO_CAN;41
41137178;0.724;1;0.0;LKO_CAN;41
41137182;1.0;1;0.0;LKO_CAN;41
41137196;0.699;1;0.0;LKO_CAN;41
41137197;1.0;1;0.0;LKO_CAN;41
41137198;1.0;1;0.0;LKO_CAN;41
41138138;1.0;1;0.0;LKO_CAN;41
41138145;0.775;1;0.0;LKO_CAN;41
41138156;0.412;1;0.0;LKO_CAN;41
41138173;0.996;1;0.0;LKO_CAN;41
41138174;0.655;1;0.0;LKO_CAN;41
41138175;1.0;1;0.0;LKO_CAN;41
41138176;1.0;1;0.0;LKO_CAN;41
41138177;1.0;1;0.0;LKO_CAN;41
41138178;0.983;1;0.0;LKO_CAN;41
41138195;0.736;1;0.0;LKO_CAN;41
41138197;0.502;1;0.0;LKO_CAN;41
41138198;1.0;1;0.0;LKO_CAN;41
41138204;0.695;1;0.0;LKO_CAN;41
41139141;0.714;1;0.0;LKO_CAN;41
41139145;1.0;1;0.0;LKO_CAN;41
41139146;0.812;1;0.0;LKO_CAN;41
41139147;1.0;1;0.0;LKO_CAN;41
41139159;1.0;1;0.0;LKO_CAN;41
41139173;0.968;1;0.0;LKO_CAN;41
41139178;0.922;1;0.0;LKO_CAN;41
41139179;0.871;1;0.0;LKO_CAN;41
41139180;1.0;1;0.0;LKO_CAN;41
41139195;0.349;1;0.0;LKO_CAN;41
41139196;0.586;1;0.0;LKO_CAN;41
41139197;0.949;1;0.0;LKO_CAN;41
41139202;0.486;1;0.0;LKO_CAN;41
41139204;0.721;1;0.0;LKO_CAN;41
41140139;0.903;1;0.0;LKO_CAN;41
41140141;0.583;1;0.0;LKO_CAN;41
41140145;0.834;1;0.0;LKO_CAN;41
41140146;0.796;1;0.0;LKO_CAN;41
41140147;1.0;1;0.0;LKO_CAN;41
41140173;0.749;1;0.0;LKO_CAN;41
41140174;1.0;1;0.0;LKO_CAN;41
41140175;0.669;1;0.0;LKO_CAN;41
41140176;1.0;1;0.0;LKO_CAN;41
41140177;1.0;1;0.0;LKO_CAN;41
41140178;0.35;1;0.0;LKO_CAN;41
41140180;0.764;1;0.0;LKO_CAN;41
41140195;0.492;1;0.0;LKO_CAN;41
41140196;0.834;1;0.0;LKO_CAN;41
41140197;1.0;1;0.0;LKO_CAN;41
41140204;0.755;1;0.0;LKO_CAN;41
41141145;0.402;1;0.0;LKO_CAN;41
41141146;0.863;1;0.0;LKO_CAN;41
41141151;0.727;1;0.0;LKO_CAN;41
41141173;1.0;1;0.0;LKO_CAN;41
41141174;1.0;1;0.0;LKO_CAN;41
41141177;0.877;1;0.0;LKO_CAN;41
41141178;0.396;1;0.0;LKO_CAN;41
41141179;0.569;1;0.0;LKO_CAN;41
41141180;0.411;1;0.0;LKO_CAN;41
41141195;0.578;1;0.0;LKO_CAN;41
41141196;0.852;1;0.0;LKO_CAN;41
41142150;0.359;1;0.0;LKO_CAN;41
41142153;0.69;1;0.0;LKO_CAN;41
41142156;0.943;1;0.0;LKO_CAN;41
41142157;0.407;1;0.0;LKO_CAN;41
41142172;1.0;1;0.0;LKO_CAN;41
41142173;1.0;1;0.0;LKO_CAN;41
41142174;1.0;1;0.0;LKO_CAN;41
41142175;0.575;1;0.0;LKO_CAN;41
41142177;0.961;1;0.0;LKO_CAN;41
41142178;0.524;1;0.0;LKO_CAN;41
41142179;0.944;1;0.0;LKO_CAN;41
41142180;0.415;1;0.0;LKO_CAN;41
41142190;0.664;1;0.0;LKO_CAN;41
41142195;0.776;1;0.0;LKO_CAN;41
41142196;0.643;1;0.0;LKO_CAN;41
41142198;0.818;1;0.0;LKO_CAN;41
41142324;0.798;1;0.0;LKO_CAN;41
41143153;0.671;1;0.0;LKO_CAN;41
41143155;1.0;1;0.0;LKO_CAN;41
41143156;0.62;1;0.0;LKO_CAN;41
41143172;1.0;1;0.0;LKO_CAN;41
41143173;0.962;1;0.0;LKO_CAN;41
41143177;1.0;1;0.0;LKO_CAN;41
41143178;0.832;1;0.0;LKO_CAN;41
41143179;0.992;1;0.0;LKO_CAN;41
41143180;0.654;1;0.0;LKO_CAN;41
41143195;0.582;1;0.0;LKO_CAN;41
41143198;0.701;1;0.0;LKO_CAN;41
41144138;0.884;1;0.0;LKO_CAN;41
41144140;0.672;1;0.0;LKO_CAN;41
41144158;1.0;1;0.0;LKO_CAN;41
41144171;0.444;1;0.0;LKO_CAN;41
41144172;0.751;1;0.0;LKO_CAN;41
41144177;0.459;1;0.0;LKO_CAN;41
41144178;0.849;1;0.0;LKO_CAN;41
41144179;1.0;1;0.0;LKO_CAN;41
41144180;1.0;1;0.0;LKO_CAN;41
41144195;0.622;1;0.0;LKO_CAN;41
41145138;0.999;1;0.0;LKO_CAN;41
41145159;0.338;1;0.0;LKO_CAN;41
41145177;1.0;1;0.0;LKO_CAN;41
41145178;1.0;1;0.0;LKO_CAN;41
41145180;1.0;1;0.0;LKO_CAN;41
41145195;0.943;1;0.0;LKO_CAN;41
41145197;1.0;1;0.0;LKO_CAN;41
41145322;0.604;1;0.0;LKO_CAN;41
41146141;0.459;1;0.0;LKO_CAN;41
41146179;1.0;1;0.0;LKO_CAN;41
41146180;0.517;1;0.0;LKO_CAN;41
41146195;1.0;1;0.0;LKO_CAN;41
41146197;0.706;1;0.0;LKO_CAN;41
41147179;0.928;1;0.0;LKO_CAN;41
41147194;0.533;1;0.0;LKO_CAN;41
41147195;1.0;1;0.0;LKO_CAN;41
41147197;0.583;1;0.0;LKO_CAN;41
41148195;1.0;1;0.0;LKO_CAN;41
41148196;1.0;1;0.0;LKO_CAN;41
41148197;0.551;1;0.0;LKO_CAN;41
41148200;0.378;1;0.0;LKO_CAN;41
41149189;0.658;1;0.0;LKO_CAN;41
41149194;0.659;1;0.0;LKO_CAN;41
41149196;1.0;1;0.0;LKO_CAN;41
41149197;0.399;1;0.0;LKO_CAN;41
41149203;0.427;1;0.0;LKO_CAN;41
41150177;0.41;1;0.0;LKO_CAN;41
41150179;1.0;1;0.0;LKO_CAN;41
41150194;0.979;1;0.0;LKO_CAN;41
41150195;1.0;1;0.0;LKO_CAN;41
41150196;1.0;1;0.0;LKO_CAN;41
41151142;0.594;1;0.0;LKO_CAN;41
41151174;1.0;1;0.0;LKO_CAN;41
41151178;1.0;1;0.0;LKO_CAN;41
41151179;1.0;1;0.0;LKO_CAN;41
41151194;0.858;1;0.0;LKO_CAN;41
41151195;0.484;1;0.0;LKO_CAN;41
41151196;0.988;1;0.0;LKO_CAN;41
41152143;0.93;1;0.0;LKO_CAN;41
41152173;1.0;1;0.0;LKO_CAN;41
41152174;1.0;1;0.0;LKO_CAN;41
41152175;0.788;1;0.0;LKO_CAN;41
41152178;0.965;1;0.0;LKO_CAN;41
41152194;1.0;1;0.0;LKO_CAN;41
41152196;1.0;1;0.0;LKO_CAN;41
41152201;1.0;1;0.0;LKO_CAN;41
41153144;0.455;1;0.0;LKO_CAN;41
41153173;0.967;1;0.0;LKO_CAN;41
41153174;0.975;1;0.0;LKO_CAN;41
41153194;1.0;1;0.0;LKO_CAN;41
41153196;1.0;1;0.0;LKO_CAN;41
41153197;0.708;1;0.0;LKO_CAN;41
41154174;1.0;1;0.0;LKO_CAN;41
41154193;0.509;1;0.0;LKO_CAN;41
41154196;0.521;1;0.0;LKO_CAN;41
41154197;0.519;1;0.0;LKO_CAN;41
41155192;0.738;1;0.0;LKO_CAN;41
41155193;1.0;1;0.0;LKO_CAN;41
41155196;0.542;1;0.0;LKO_CAN;41
41156180;0.554;1;0.0;LKO_CAN;41
41156182;0.404;1;0.0;LKO_CAN;41
41156192;1.0;1;0.0;LKO_CAN;41
41156193;1.0;1;0.0;LKO_CAN;41
41156196;0.9;1;0.0;LKO_CAN;41
41156197;0.534;1;0.0;LKO_CAN;41
41157183;0.954;1;0.0;LKO_CAN;41
41157189;1.0;1;0.0;LKO_CAN;41
41157190;0.573;1;0.0;LKO_CAN;41
41157191;0.956;1;0.0;LKO_CAN;41
41157192;0.992;1;0.0;LKO_CAN;41
41157193;1.0;1;0.0;LKO_CAN;41
41157194;1.0;1;0.0;LKO_CAN;41
41157196;1.0;1;0.0;LKO_CAN;41
41158182;1.0;1;0.0;LKO_CAN;41
41158183;0.708;1;0.0;LKO_CAN;41
41158184;0.658;1;0.0;LKO_CAN;41
41158189;1.0;1;0.0;LKO_CAN;41
41158190;0.796;1;0.0;LKO_CAN;41
41158191;1.0;1;0.0;LKO_CAN;41
41158192;1.0;1;0.0;LKO_CAN;41
41158193;0.982;1;0.0;LKO_CAN;41
41158194;1.0;1;0.0;LKO_CAN;41
41158202;0.425;1;0.0;LKO_CAN;41
41159181;1.0;1;0.0;LKO_CAN;41
41159182;1.0;1;0.0;LKO_CAN;41
41159183;0.647;1;0.0;LKO_CAN;41
41159184;0.642;1;0.0;LKO_CAN;41
41159185;0.476;1;0.0;LKO_CAN;41
41159188;1.0;1;0.0;LKO_CAN;41
41159189;1.0;1;0.0;LKO_CAN;41
41159190;1.0;1;0.0;LKO_CAN;41
41159191;0.49;1;0.0;LKO_CAN;41
41159193;0.576;1;0.0;LKO_CAN;41
41159194;0.355;1;0.0;LKO_CAN;41
41159197;0.422;1;0.0;LKO_CAN;41
41159202;0.998;1;0.0;LKO_CAN;41
41159287;1.0;1;0.0;LKO_CAN;41
41160182;0.666;1;0.0;LKO_CAN;41
41160183;0.7;1;0.0;LKO_CAN;41
41160184;0.455;1;0.0;LKO_CAN;41
41160185;0.362;1;0.0;LKO_CAN;41
41160187;1.0;1;0.0;LKO_CAN;41
41160188;1.0;1;0.0;LKO_CAN;41
41160189;1.0;1;0.0;LKO_CAN;41
41160190;0.834;1;0.0;LKO_CAN;41
41160202;1.0;1;0.0;LKO_CAN;41
41161184;0.511;1;0.0;LKO_CAN;41
41161188;0.925;1;0.0;LKO_CAN;41
41161189;1.0;1;0.0;LKO_CAN;41
41161190;1.0;1;0.0;LKO_CAN;41
41161197;0.558;1;0.0;LKO_CAN;41
41162187;1.0;1;0.0;LKO_CAN;41
41162190;1.0;1;0.0;LKO_CAN;41
41163186;0.517;1;0.0;LKO_CAN;41
41163187;0.536;1;0.0;LKO_CAN;41
41163197;0.551;1;0.0;LKO_CAN;41
41163289;0.429;1;0.0;LKO_CAN;41
41164197;0.845;1;0.0;LKO_CAN;41
41164290;1.0;1;0.0;LKO_CAN;41
41165197;1.0;1;0.0;LKO_CAN;41
41166196;1.0;1;0.0;LKO_CAN;41
41167195;0.857;1;0.0;LKO_CAN;41
41167196;1.0;1;0.0;LKO_CAN;41
41167200;1.0;1;0.0;LKO_CAN;41
41168196;0.594;1;0.0;LKO_CAN;41
41168201;0.456;1;0.0;LKO_CAN;41
41169196;0.351;1;0.0;LKO_CAN;41
41169201;1.0;1;0.0;LKO_CAN;41
41169202;1.0;1;0.0;LKO_CAN;41
41169203;1.0;1;0.0;LKO_CAN;41
41170193;0.519;1;0.0;LKO_CAN;41
41170195;0.407;1;0.0;LKO_CAN;41
41170196;0.533;1;0.0;LKO_CAN;41
41170202;1.0;1;0.0;LKO_CAN;41
41170203;1.0;1;0.0;LKO_CAN;41
41170204;1.0;1;0.0;LKO_CAN;41
41171195;1.0;1;0.0;LKO_CAN;41
41171196;0.351;1;0.0;LKO_CAN;41
41171202;1.0;1;0.0;LKO_CAN;41
41171203;1.0;1;0.0;LKO_CAN;41
41171204;1.0;1;0.0;LKO_CAN;41
41171292;0.802;1;0.0;LKO_CAN;41
41172196;0.374;1;0.0;LKO_CAN;41
41172197;0.448;1;0.0;LKO_CAN;41
41172202;1.0;1;0.0;LKO_CAN;41
41172203;1.0;1;0.0;LKO_CAN;41
41172207;0.763;1;0.0;LKO_CAN;41
41173197;0.483;1;0.0;LKO_CAN;41
41173203;0.515;1;0.0;LKO_CAN;41
41174206;1.0;1;0.0;LKO_CAN;41
41175205;0.736;1;0.0;LKO_CAN;41
41175206;1.0;1;0.0;LKO_CAN;41
41176208;1.0;1;0.0;LKO_CAN;41
41176209;1.0;1;0.0;LKO_CAN;41
41176210;0.732;1;0.0;LKO_CAN;41
41177209;1.0;1;0.0;LKO_CAN;41
41177210;1.0;1;0.0;LKO_CAN;41
41178210;0.603;1;0.0;LKO_CAN;41
41179203;1.0;1;0.0;LKO_CAN;41
41181212;0.374;1;0.0;LKO_CAN;41
41182213;0.45;1;0.0;LKO_CAN;41
41183206;1.0;1;0.0;LKO_CAN;41
41183214;0.683;1;0.0;LKO_CAN;41
41184206;1.0;1;0.0;LKO_CAN;41
41184215;0.752;1;0.0;LKO_CAN;41
41185205;1.0;1;0.0;LKO_CAN;41
41185216;0.702;1;0.0;LKO_CAN;41
41186206;1.0;1;0.0;LKO_CAN;41
41186217;0.699;1;0.0;LKO_CAN;41
41186218;0.411;1;0.0;LKO_CAN;41
41188220;0.439;1;0.0;LKO_CAN;41
41189220;0.561;1;0.0;LKO_CAN;41
41192225;0.435;1;0.0;LKO_CAN;41
41193216;0.532;1;0.0;LKO_CAN;41
41194216;0.417;1;0.0;LKO_CAN;41
41195216;0.411;1;0.0;LKO_CAN;41
41195219;0.409;1;0.0;LKO_CAN;41
41195226;0.478;1;0.0;LKO_CAN;41
41195227;0.417;1;0.0;LKO_CAN;41
41195229;0.403;1;0.0;LKO_CAN;41
41196218;0.907;1;0.0;LKO_CAN;41
41196219;1.0;1;0.0;LKO_CAN;41
41196220;1.0;1;0.0;LKO_CAN;41
41196226;0.417;1;0.0;LKO_CAN;41
41196228;0.334;1;0.0;LKO_CAN;41
41197218;0.887;1;0.0;LKO_CAN;41
41197219;0.687;1;0.0;LKO_CAN;41
41197220;1.0;1;0.0;LKO_CAN;41
41198219;0.411;1;0.0;LKO_CAN;41
41198220;0.366;1;0.0;LKO_CAN;41
41198221;0.337;1;0.0;LKO_CAN;41
41198222;1.0;1;0.0;LKO_CAN;41
41199221;0.361;1;0.0;LKO_CAN;41
41199222;1.0;1;0.0;LKO_CAN;41
41199223;0.637;1;0.0;LKO_CAN;41
41199236;0.639;1;0.0;LKO_CAN;41
41199287;1.0;1;0.0;LKO_CAN;41
41200231;0.334;1;0.0;LKO_CAN;41
41200232;0.402;1;0.0;LKO_CAN;41
41200236;0.375;1;0.0;LKO_CAN;41
41200238;0.441;1;0.0;LKO_CAN;41
41201233;1.0;1;0.0;LKO_CAN;41
41202227;0.35;1;0.0;LKO_CAN;41
41202233;0.73;1;0.0;LKO_CAN;41
41202234;0.519;1;0.0;LKO_CAN;41
41202242;0.497;1;0.0;LKO_CAN;41
41202243;0.598;1;0.0;LKO_CAN;41
41203233;0.722;1;0.0;LKO_CAN;41
41203234;0.551;1;0.0;LKO_CAN;41
41203287;0.69;1;0.0;LKO_CAN;41
41203290;1.0;1;0.0;LKO_CAN;41
41206224;1.0;1;0.0;LKO_CAN;41
41206233;0.725;1;0.0;LKO_CAN;41
41207235;0.711;1;0.0;LKO_CAN;41
41207240;1.0;1;0.0;LKO_CAN;41
41207253;0.547;1;0.0;LKO_CAN;41
41208236;0.74;1;0.0;LKO_CAN;41
41208291;1.0;1;0.0;LKO_CAN;41
41209242;0.729;1;0.0;LKO_CAN;41
41209243;0.433;1;0.0;LKO_CAN;41
41210236;1.0;1;0.0;LKO_CAN;41
41210240;0.694;1;0.0;LKO_CAN;41
41210248;0.678;1;0.0;LKO_CAN;41
41211240;0.347;1;0.0;LKO_CAN;41
41211247;0.414;1;0.0;LKO_CAN;41
41211248;0.841;1;0.0;LKO_CAN;41
41211249;0.724;1;0.0;LKO_CAN;41
41211250;0.459;1;0.0;LKO_CAN;41
41211251;0.486;1;0.0;LKO_CAN;41
41211252;0.427;1;0.0;LKO_CAN;41
41211259;1.0;1;0.0;LKO_CAN;41
41212250;0.387;1;0.0;LKO_CAN;41
41212251;0.71;1;0.0;LKO_CAN;41
41212253;0.39;1;0.0;LKO_CAN;41
41212267;0.351;1;0.0;LKO_CAN;41
41213253;0.529;1;0.0;LKO_CAN;41
41213254;0.777;1;0.0;LKO_CAN;41
41213255;0.523;1;0.0;LKO_CAN;41
41213265;0.349;1;0.0;LKO_CAN;41
41213269;1.0;1;0.0;LKO_CAN;41
41214254;0.822;1;0.0;LKO_CAN;41
41214255;1.0;1;0.0;LKO_CAN;41
41214256;0.759;1;0.0;LKO_CAN;41
41214266;0.583;1;0.0;LKO_CAN;41
41215256;0.962;1;0.0;LKO_CAN;41
41215257;1.0;1;0.0;LKO_CAN;41
41215258;0.839;1;0.0;LKO_CAN;41
41215268;0.868;1;0.0;LKO_CAN;41
41216246;0.47;1;0.0;LKO_CAN;41
41216258;1.0;1;0.0;LKO_CAN;41
41216259;0.951;1;0.0;LKO_CAN;41
41216269;0.493;1;0.0;LKO_CAN;41
41216270;0.559;1;0.0;LKO_CAN;41
41217249;1.0;1;0.0;LKO_CAN;41
41217260;1.0;1;0.0;LKO_CAN;41
41217261;1.0;1;0.0;LKO_CAN;41
41217262;0.487;1;0.0;LKO_CAN;41
41217271;0.903;1;0.0;LKO_CAN;41
41217272;0.807;1;0.0;LKO_CAN;41
41218261;0.773;1;0.0;LKO_CAN;41
41218262;1.0;1;0.0;LKO_CAN;41
41218263;0.765;1;0.0;LKO_CAN;41
41218272;0.45;1;0.0;LKO_CAN;41
41218273;1.0;1;0.0;LKO_CAN;41
41218274;1.0;1;0.0;LKO_CAN;41
41219263;1.0;1;0.0;LKO_CAN;41
41219264;0.759;1;0.0;LKO_CAN;41
41219274;0.879;1;0.0;LKO_CAN;41
41219275;0.377;1;0.0;LKO_CAN;41
41219276;1.0;1;0.0;LKO_CAN;41
41219277;0.677;1;0.0;LKO_CAN;41
41219278;0.391;1;0.0;LKO_CAN;41
41219279;0.823;1;0.0;LKO_CAN;41
41219293;0.581;1;0.0;LKO_CAN;41
41220265;0.631;1;0.0;LKO_CAN;41
41220266;1.0;1;0.0;LKO_CAN;41
41220267;0.482;1;0.0;LKO_CAN;41
41220276;1.0;1;0.0;LKO_CAN;41
41220277;1.0;1;0.0;LKO_CAN;41
41220278;0.981;1;0.0;LKO_CAN;41
41220279;0.807;1;0.0;LKO_CAN;41
41221257;1.0;1;0.0;LKO_CAN;41
41221267;0.538;1;0.0;LKO_CAN;41
41221268;0.855;1;0.0;LKO_CAN;41
41221277;1.0;1;0.0;LKO_CAN;41
41221278;0.964;1;0.0;LKO_CAN;41
41221279;0.607;1;0.0;LKO_CAN;41
41221294;1.0;1;0.0;LKO_CAN;41
41221295;1.0;1;0.0;LKO_CAN;41
41222257;0.884;1;0.0;LKO_CAN;41
41222270;0.565;1;0.0;LKO_CAN;41
41222278;0.567;1;0.0;LKO_CAN;41
41222295;0.374;1;0.0;LKO_CAN;41
41222296;0.38;1;0.0;LKO_CAN;41
41222299;1.0;1;0.0;LKO_CAN;41
41223257;1.0;1;0.0;LKO_CAN;41
41223272;0.391;1;0.0;LKO_CAN;41
41223289;0.426;1;0.0;LKO_CAN;41
41223300;0.761;1;0.0;LKO_CAN;41
41223302;1.0;1;0.0;LKO_CAN;41
41224262;0.61;1;0.0;LKO_CAN;41
41224300;0.569;1;0.0;LKO_CAN;41
41224301;0.662;1;0.0;LKO_CAN;41
41225260;1.0;1;0.0;LKO_CAN;41
41225261;0.415;1;0.0;LKO_CAN;41
41225262;0.714;1;0.0;LKO_CAN;41
41225291;0.383;1;0.0;LKO_CAN;41
41225292;0.418;1;0.0;LKO_CAN;41
41225303;0.937;1;0.0;LKO_CAN;41
41226262;1.0;1;0.0;LKO_CAN;41
41226281;0.831;1;0.0;LKO_CAN;41
41226282;1.0;1;0.0;LKO_CAN;41
41226283;1.0;1;0.0;LKO_CAN;41
41226291;0.421;1;0.0;LKO_CAN;41
41226292;0.505;1;0.0;LKO_CAN;41
41227267;0.487;1;0.0;LKO_CAN;41
41227280;1.0;1;0.0;LKO_CAN;41
41227281;0.67;1;0.0;LKO_CAN;41
41227282;0.825;1;0.0;LKO_CAN;41
41227285;0.911;1;0.0;LKO_CAN;41
41227304;0.966;1;0.0;LKO_CAN;41
41228283;0.489;1;0.0;LKO_CAN;41
41228285;0.738;1;0.0;LKO_CAN;41
41228303;0.898;1;0.0;LKO_CAN;41
41228309;1.0;1;0.0;LKO_CAN;41
41229303;0.644;1;0.0;LKO_CAN;41
41229311;0.412;1;0.0;LKO_CAN;41
41231278;0.394;1;0.0;LKO_CAN;41
41231280;1.0;1;0.0;LKO_CAN;41
41232285;0.524;1;0.0;LKO_CAN;41
41232286;0.527;1;0.0;LKO_CAN;41
41235296;0.895;1;0.0;LKO_CAN;41
41236298;0.682;1;0.0;LKO_CAN;41
41236318;0.882;1;0.0;LKO_CAN;41
41238319;0.77;1;0.0;LKO_CAN;41
41238320;0.573;1;0.0;LKO_CAN;41
41238322;0.608;1;0.0;LKO_CAN;41
41239322;0.57;1;0.0;LKO_CAN;41
41239323;1.0;1;0.0;LKO_CAN;41
41239324;1.0;1;0.0;LKO_CAN;41
41240322;0.738;1;0.0;LKO_CAN;41
41240323;1.0;1;0.0;LKO_CAN;41
41240324;1.0;1;0.0;LKO_CAN;41
41240325;1.0;1;0.0;LKO_CAN;41
41240329;1.0;1;0.0;LKO_CAN;41
41240330;0.69;1;0.0;LKO_CAN;41
41241308;0.789;1;0.0;LKO_CAN;41
41241309;0.567;1;0.0;LKO_CAN;41
41241324;1.0;1;0.0;LKO_CAN;41
41241325;1.0;1;0.0;LKO_CAN;41
41241326;1.0;1;0.0;LKO_CAN;41
41241327;1.0;1;0.0;LKO_CAN;41
41241328;0.421;1;0.0;LKO_CAN;41
41241329;0.893;1;0.0;LKO_CAN;41
41242325;1.0;1;0.0;LKO_CAN;41
41242326;1.0;1;0.0;LKO_CAN;41
41242327;1.0;1;0.0;LKO_CAN;41
41242328;0.631;1;0.0;LKO_CAN;41
41242329;0.706;1;0.0;LKO_CAN;41
41244280;1.0;1;0.0;LKO_CAN;41
41247284;1.0;1;0.0;LKO_CAN;41
41248286;0.551;1;0.0;LKO_CAN;41
41249287;0.831;1;0.0;LKO_CAN;41
41250288;1.0;1;0.0;LKO_CAN;41
41253293;0.802;1;0.0;LKO_CAN;41
41253320;1.0;1;0.0;LKO_CAN;41
41253321;0.726;1;0.0;LKO_CAN;41
41253322;0.418;1;0.0;LKO_CAN;41
41254294;1.0;1;0.0;LKO_CAN;41
41254319;0.705;1;0.0;LKO_CAN;41
41254320;1.0;1;0.0;LKO_CAN;41
41254321;0.778;1;0.0;LKO_CAN;41
41254325;0.386;1;0.0;LKO_CAN;41
41255296;1.0;1;0.0;LKO_CAN;41
41255321;0.714;1;0.0;LKO_CAN;41
41255322;0.507;1;0.0;LKO_CAN;41
41255324;0.555;1;0.0;LKO_CAN;41
41256299;0.765;1;0.0;LKO_CAN;41
41256321;0.91;1;0.0;LKO_CAN;41
41256322;0.534;1;0.0;LKO_CAN;41
41256323;0.738;1;0.0;LKO_CAN;41
41257302;0.68;1;0.0;LKO_CAN;41
41270328;1.0;1;0.0;LKO_CAN;41
41272404;0.545;1;0.0;LKO_CAN;41
41272405;1.0;1;0.0;LKO_CAN;41
41272406;1.0;1;0.0;LKO_CAN;41
41273411;0.789;1;0.0;LKO_CAN;41
41273412;1.0;1;0.0;LKO_CAN;41
41276401;0.772;1;0.0;LKO_CAN;41
41285402;1.0;1;0.0;LKO_CAN;41
41286402;0.407;1;0.0;LKO_CAN;41
41287402;1.0;1;0.0;LKO_CAN;41
41288402;1.0;1;0.0;LKO_CAN;41
41290336;0.871;1;0.0;LKO_CAN;41
41291336;0.901;1;0.0;LKO_CAN;41
41291401;1.0;1;0.0;LKO_CAN;41
41292401;1.0;1;0.0;LKO_CAN;41
41293400;1.0;1;0.0;LKO_CAN;41
41294399;0.629;1;0.0;LKO_CAN;41
41297399;0.608;1;0.0;LKO_CAN;41
41298399;0.904;1;0.0;LKO_CAN;41
41299399;1.0;1;0.0;LKO_CAN;41
41312402;0.544;1;0.0;LKO_CAN;41
41316404;1.0;1;0.0;LKO_CAN;41
41317404;1.0;1;0.0;LKO_CAN;41
41318404;0.971;1;0.0;LKO_CAN;41
41319399;0.791;1;0.0;LKO_CAN;41
41319404;1.0;1;0.0;LKO_CAN;41
41320396;0.496;1;0.0;LKO_CAN;41
41320398;1.0;1;0.0;LKO_CAN;41
41320405;0.943;1;0.0;LKO_CAN;41
41321402;0.527;1;0.0;LKO_CAN;41
41321406;0.679;1;0.0;LKO_CAN;41
41324410;1.0;1;0.0;LKO_CAN;41
41334360;1.0;1;0.0;LKO_CAN;41
41334398;1.0;1;0.0;LKO_CAN;41
41335399;1.0;1;0.0;LKO_CAN;41
41336341;1.0;1;0.0;LKO_CAN;41
41337342;1.0;1;0.0;LKO_CAN;41
41337400;0.563;1;0.0;LKO_CAN;41
41338343;1.0;1;0.0;LKO_CAN;41
41338401;0.536;1;0.0;LKO_CAN;41
41338403;1.0;1;0.0;LKO_CAN;41
41339404;1.0;1;0.0;LKO_CAN;41
41343402;1.0;1;0.0;LKO_CAN;41
41344349;0.872;1;0.0;LKO_CAN;41
41344400;1.0;1;0.0;LKO_CAN;41
41345350;0.632;1;0.0;LKO_CAN;41
41349354;1.0;1;0.0;LKO_CAN;41
41350355;1.0;1;0.0;LKO_CAN;41
41350399;1.0;1;0.0;LKO_CAN;41
41352400;0.885;1;0.0;LKO_CAN;41
41353358;1.0;1;0.0;LKO_CAN;41
41354401;1.0;1;0.0;LKO_CAN;41
41355359;0.536;1;0.0;LKO_CAN;41
41356402;1.0;1;0.0;LKO_CAN;41
41357403;0.977;1;0.0;LKO_CAN;41
41358362;1.0;1;0.0;LKO_CAN;41
41358403;1.0;1;0.0;LKO_CAN;41
41359404;1.0;1;0.0;LKO_CAN;41
41361364;0.725;1;0.0;LKO_CAN;41
41362365;1.0;1;0.0;LKO_CAN;41
41363365;1.0;1;0.0;LKO_CAN;41
41364366;0.552;1;0.0;LKO_CAN;41
41365367;1.0;1;0.0;LKO_CAN;41
41366368;1.0;1;0.0;LKO_CAN;41
41368369;0.981;1;0.0;LKO_CAN;41
41369370;0.84;1;0.0;LKO_CAN;41
41369371;0.437;1;0.0;LKO_CAN;41
41369411;1.0;1;0.0;LKO_CAN;41
41370371;0.4;1;0.0;LKO_CAN;41
41371372;1.0;1;0.0;LKO_CAN;41
41371412;1.0;1;0.0;LKO_CAN;41
41372373;0.722;1;0.0;LKO_CAN;41
41373374;0.834;1;0.0;LKO_CAN;41
41373376;0.861;1;0.0;LKO_CAN;41
41373415;0.769;1;0.0;LKO_CAN;41
41373418;1.0;1;0.0;LKO_CAN;41
41374375;0.641;1;0.0;LKO_CAN;41
41374377;1.0;1;0.0;LKO_CAN;41
41374417;1.0;1;0.0;LKO_CAN;41
41375379;0.44;1;0.0;LKO_CAN;41
41375417;1.0;1;0.0;LKO_CAN;41
41376418;0.851;1;0.0;LKO_CAN;41
41377379;0.867;1;0.0;LKO_CAN;41
41377380;1.0;1;0.0;LKO_CAN;41
41377419;1.0;1;0.0;LKO_CAN;41
41378419;0.436;1;0.0;LKO_CAN;41
41381420;0.733;1;0.0;LKO_CAN;41
41384422;0.36;1;0.0;LKO_CAN;41
41392425;1.0;1;0.0;LKO_CAN;41
41394426;0.589;1;0.0;LKO_CAN;41
41396427;0.828;1;0.0;LKO_CAN;41
41416435;1.0;1;0.0;LKO_CAN;41
41441444;0.809;1;0.0;LKO_CAN;41
41447446;0.825;1;0.0;LKO_CAN;41
41459424;0.829;1;0.0;LKO_CAN;41
41469415;1.0;1;0.0;LKO_CAN;41
41469420;1.0;1;0.0;LKO_CAN;41
41469421;1.0;1;0.0;LKO_CAN;41
41470416;0.377;1;0.0;LKO_CAN;41
41470417;0.873;1;0.0;LKO_CAN;41
41470420;0.504;1;0.0;LKO_CAN;41
41470422;0.946;1;0.0;LKO_CAN;41
41470423;0.453;1;0.0;LKO_CAN;41
41471412;0.704;1;0.0;LKO_CAN;41
41471413;0.886;1;0.0;LKO_CAN;41
41471423;0.386;1;0.0;LKO_CAN;41
41472411;1.0;1;0.0;LKO_CAN;41
41473459;1.0;1;0.0;LKO_CAN;41
41473461;0.927;1;0.0;LKO_CAN;41
41474460;0.94;1;0.0;LKO_CAN;41
41475462;0.491;1;0.0;LKO_CAN;41
41476461;1.0;1;0.0;LKO_CAN;41
41477463;0.769;1;0.0;LKO_CAN;41
41488438;1.0;1;0.0;LKO_CAN;41
41488468;1.0;1;0.0;LKO_CAN;41
41490482;0.744;1;0.0;LKO_CAN;41
41492441;1.0;1;0.0;LKO_CAN;41
41493483;0.827;1;0.0;LKO_CAN;41
41494483;0.758;1;0.0;LKO_CAN;41
41511487;1.0;1;0.0;LKO_CAN;41
41512488;0.878;1;0.0;LKO_CAN;41
41521497;1.0;1;0.0;LKO_CAN;41
41521498;0.721;1;0.0;LKO_CAN;41
41522499;0.785;1;0.0;LKO_CAN;41
41528504;1.0;1;0.0;LKO_CAN;41
41537515;0.599;1;0.0;LKO_CAN;41
41546464;1.0;1;0.0;LKO_CAN;41
41547465;0.359;1;0.0;LKO_CAN;41
41547523;0.88;1;0.0;LKO_CAN;41
41549466;1.0;1;0.0;LKO_CAN;41
41550467;1.0;1;0.0;LKO_CAN;41
41551526;1.0;1;0.0;LKO_CAN;41
41552468;1.0;1;0.0;LKO_CAN;41
41552526;0.454;1;0.0;LKO_CAN;41
41553469;1.0;1;0.0;LKO_CAN;41
41553527;1.0;1;0.0;LKO_CAN;41
41554528;0.691;1;0.0;LKO_CAN;41
41555528;1.0;1;0.0;LKO_CAN;41
41556471;0.966;1;0.0;LKO_CAN;41
41559473;1.0;1;0.0;LKO_CAN;41
41561474;1.0;1;0.0;LKO_CAN;41
41563532;1.0;1;0.0;LKO_CAN;41
41564476;1.0;1;0.0;LKO_CAN;41
41565477;0.528;1;0.0;LKO_CAN;41
41567478;0.686;1;0.0;LKO_CAN;41
41568479;1.0;1;0.0;LKO_CAN;41
41570480;0.681;1;0.0;LKO_CAN;41
41571481;1.0;1;0.0;LKO_CAN;41
41572481;1.0;1;0.0;LKO_CAN;41
41573537;0.923;1;0.0;LKO_CAN;41
41581486;1.0;1;0.0;LKO_CAN;41
41585541;1.0;1;0.0;LKO_CAN;41
41586489;0.933;1;0.0;LKO_CAN;41
41588508;1.0;1;0.0;LKO_CAN;41
41588509;0.684;1;0.0;LKO_CAN;41
41589491;0.537;1;0.0;LKO_CAN;41
41589509;1.0;1;0.0;LKO_CAN;41
41591492;0.79;1;0.0;LKO_CAN;41
41591510;1.0;1;0.0;LKO_CAN;41
41594511;0.897;1;0.0;LKO_CAN;41
41596495;0.764;1;0.0;LKO_CAN;41
41597496;1.0;1;0.0;LKO_CAN;41
41601498;1.0;1;0.0;LKO_CAN;41
41601513;0.469;1;0.0;LKO_CAN;41
41602499;0.691;1;0.0;LKO_CAN;41
41603499;0.701;1;0.0;LKO_CAN;41
41604498;0.792;1;0.0;LKO_CAN;41
41605497;1.0;1;0.0;LKO_CAN;41
41613549;0.499;1;0.0;LKO_CAN;41
41615550;0.436;1;0.0;LKO_CAN;41
41618518;0.899;1;0.0;LKO_CAN;41
41624510;0.835;1;0.0;LKO_CAN;41
41625512;0.493;1;0.0;LKO_CAN;41
41626511;0.909;1;0.0;LKO_CAN;41
41626513;1.0;1;0.0;LKO_CAN;41
41628512;0.707;1;0.0;LKO_CAN;41
41630515;0.528;1;0.0;LKO_CAN;41
41631514;0.901;1;0.0;LKO_CAN;41
41631515;0.563;1;0.0;LKO_CAN;41
41639517;0.459;1;0.0;LKO_CAN;41
41642526;0.876;1;0.0;LKO_CAN;41
41643526;1.0;1;0.0;LKO_CAN;41
41644511;0.555;1;0.0;LKO_CAN;41
41648506;0.809;1;0.0;LKO_CAN;41
41651502;0.849;1;0.0;LKO_CAN;41
41651529;0.721;1;0.0;LKO_CAN;41
41652501;0.729;1;0.0;LKO_CAN;41
41655499;1.0;1;0.0;LKO_CAN;41
41659494;0.63;1;0.0;LKO_CAN;41
41662490;0.726;1;0.0;LKO_CAN;41
41664534;0.509;1;0.0;LKO_CAN;41
41665486;0.417;1;0.0;LKO_CAN;41
41666485;1.0;1;0.0;LKO_CAN;41
41676472;1.0;1;0.0;LKO_CAN;41
41682577;0.545;1;0.0;LKO_CAN;41
41684578;1.0;1;0.0;LKO_CAN;41
41694582;0.367;1;0.0;LKO_CAN;41
41701585;0.648;1;0.0;LKO_CAN;41
41704587;0.409;1;0.0;LKO_CAN;41
41705587;0.982;1;0.0;LKO_CAN;41
41708588;0.353;1;0.0;LKO_CAN;41
41717553;0.69;1;0.0;LKO_CAN;41
41726593;0.639;1;0.0;LKO_CAN;41
41727593;1.0;1;0.0;LKO_CAN;41
41728594;1.0;1;0.0;LKO_CAN;41
41729594;0.491;1;0.0;LKO_CAN;41
41734596;1.0;1;0.0;LKO_CAN;41
41763604;0.447;1;0.0;LKO_CAN;41
41766605;0.675;1;0.0;LKO_CAN;41
41771606;0.503;1;0.0;LKO_CAN;41
41772572;0.936;1;0.0;LKO_CAN;41
41773572;0.798;1;0.0;LKO_CAN;41
41775573;0.414;1;0.0;LKO_CAN;41
41782575;1.0;1;0.0;LKO_CAN;41
41783610;1.0;1;0.0;LKO_CAN;41
41786611;0.955;1;0.0;LKO_CAN;41
41794579;1.0;1;0.0;LKO_CAN;41
41796614;0.821;1;0.0;LKO_CAN;41
41799615;1.0;1;0.0;LKO_CAN;41
41808581;0.886;1;0.0;LKO_CAN;41
41809576;0.972;1;0.0;LKO_CAN;41
41809577;0.981;1;0.0;LKO_CAN;41
41809578;0.641;1;0.0;LKO_CAN;41
41809579;0.74;1;0.0;LKO_CAN;41
41809580;0.75;1;0.0;LKO_CAN;41
41809581;0.555;1;0.0;LKO_CAN;41
41810574;0.833;1;0.0;LKO_CAN;41
41810575;1.0;1;0.0;LKO_CAN;41
41810576;0.881;1;0.0;LKO_CAN;41
41810577;0.646;1;0.0;LKO_CAN;41
41810579;1.0;1;0.0;LKO_CAN;41
41810580;0.806;1;0.0;LKO_CAN;41
41810581;0.691;1;0.0;LKO_CAN;41
41811575;1.0;1;0.0;LKO_CAN;41
41811576;1.0;1;0.0;LKO_CAN;41
41811577;0.58;1;0.0;LKO_CAN;41
41811578;0.865;1;0.0;LKO_CAN;41
41811579;0.688;1;0.0;LKO_CAN;41
41811580;0.577;1;0.0;LKO_CAN;41
41811581;0.598;1;0.0;LKO_CAN;41
41811582;0.566;1;0.0;LKO_CAN;41
41812573;0.488;1;0.0;LKO_CAN;41
41812574;1.0;1;0.0;LKO_CAN;41
41812575;1.0;1;0.0;LKO_CAN;41
41812576;0.926;1;0.0;LKO_CAN;41
41812577;0.822;1;0.0;LKO_CAN;41
41812578;0.409;1;0.0;LKO_CAN;41
41812579;0.513;1;0.0;LKO_CAN;41
41812580;0.425;1;0.0;LKO_CAN;41
41812581;0.366;1;0.0;LKO_CAN;41
41812582;0.452;1;0.0;LKO_CAN;41
41813568;1.0;1;0.0;LKO_CAN;41
41813569;0.581;1;0.0;LKO_CAN;41
41813571;1.0;1;0.0;LKO_CAN;41
41813573;1.0;1;0.0;LKO_CAN;41
41813574;0.844;1;0.0;LKO_CAN;41
41813575;0.341;1;0.0;LKO_CAN;41
41813576;1.0;1;0.0;LKO_CAN;41
41813577;0.801;1;0.0;LKO_CAN;41
41813578;0.942;1;0.0;LKO_CAN;41
41813579;0.756;1;0.0;LKO_CAN;41
41813580;0.396;1;0.0;LKO_CAN;41
41813581;0.433;1;0.0;LKO_CAN;41
41813582;0.457;1;0.0;LKO_CAN;41
41814566;1.0;1;0.0;LKO_CAN;41
41814567;1.0;1;0.0;LKO_CAN;41
41814570;1.0;1;0.0;LKO_CAN;41
41814572;1.0;1;0.0;LKO_CAN;41
41814573;0.889;1;0.0;LKO_CAN;41
41814574;1.0;1;0.0;LKO_CAN;41
41814575;0.956;1;0.0;LKO_CAN;41
41814576;1.0;1;0.0;LKO_CAN;41
41814577;1.0;1;0.0;LKO_CAN;41
41814578;1.0;1;0.0;LKO_CAN;41
41814579;1.0;1;0.0;LKO_CAN;41
41814580;0.515;1;0.0;LKO_CAN;41
41814582;0.345;1;0.0;LKO_CAN;41
41814583;0.896;1;0.0;LKO_CAN;41
41815565;0.488;1;0.0;LKO_CAN;41
41815569;1.0;1;0.0;LKO_CAN;41
41815570;1.0;1;0.0;LKO_CAN;41
41815571;0.475;1;0.0;LKO_CAN;41
41815572;0.421;1;0.0;LKO_CAN;41
41815573;1.0;1;0.0;LKO_CAN;41
41815574;0.995;1;0.0;LKO_CAN;41
41815580;0.611;1;0.0;LKO_CAN;41
41815582;0.798;1;0.0;LKO_CAN;41
41816564;0.661;1;0.0;LKO_CAN;41
41816569;1.0;1;0.0;LKO_CAN;41
41816571;0.968;1;0.0;LKO_CAN;41
41816573;1.0;1;0.0;LKO_CAN;41
41816574;1.0;1;0.0;LKO_CAN;41
41816575;1.0;1;0.0;LKO_CAN;41
41816576;1.0;1;0.0;LKO_CAN;41
41816582;1.0;1;0.0;LKO_CAN;41
41816583;1.0;1;0.0;LKO_CAN;41
41817571;0.515;1;0.0;LKO_CAN;41
41817572;1.0;1;0.0;LKO_CAN;41
41817573;0.862;1;0.0;LKO_CAN;41
41817584;0.628;1;0.0;LKO_CAN;41
41821590;0.427;1;0.0;LKO_CAN;41
41837631;0.421;1;0.0;LKO_CAN;41
41839632;0.78;1;0.0;LKO_CAN;41
41850604;1.0;1;0.0;LKO_CAN;41
41872712;0.753;1;0.0;LKO_CAN;41
41872713;0.974;1;0.0;LKO_CAN;41
41872715;0.478;1;0.0;LKO_CAN;41
41872716;0.76;1;0.0;LKO_CAN;41
41872718;0.484;1;0.0;LKO_CAN;41
41872720;0.596;1;0.0;LKO_CAN;41
41872721;0.636;1;0.0;LKO_CAN;41
41872723;0.447;1;0.0;LKO_CAN;41
41873702;0.759;1;0.0;LKO_CAN;41
41873710;0.7;1;0.0;LKO_CAN;41
41877621;0.638;1;0.0;LKO_CAN;41
41878622;0.797;1;0.0;LKO_CAN;41
41881702;0.62;1;0.0;LKO_CAN;41
41882624;0.937;1;0.0;LKO_CAN;41
41884699;1.0;1;0.0;LKO_CAN;41
41885698;0.353;1;0.0;LKO_CAN;41
41889695;0.732;1;0.0;LKO_CAN;41
41890694;1.0;1;0.0;LKO_CAN;41
41890698;0.408;1;0.0;LKO_CAN;41
41891630;0.406;1;0.0;LKO_CAN;41
41892692;0.839;1;0.0;LKO_CAN;41
41893631;1.0;1;0.0;LKO_CAN;41
41893692;1.0;1;0.0;LKO_CAN;41
41894613;0.419;1;0.0;LKO_CAN;41
41894632;0.761;1;0.0;LKO_CAN;41
41894694;0.412;1;0.0;LKO_CAN;41
41895614;0.47;1;0.0;LKO_CAN;41
41896614;0.809;1;0.0;LKO_CAN;41
41897613;1.0;1;0.0;LKO_CAN;41
41897615;1.0;1;0.0;LKO_CAN;41
41898613;0.491;1;0.0;LKO_CAN;41
41898615;0.382;1;0.0;LKO_CAN;41
41898616;0.526;1;0.0;LKO_CAN;41
41898620;0.579;1;0.0;LKO_CAN;41
41899613;0.948;1;0.0;LKO_CAN;41
41899614;0.654;1;0.0;LKO_CAN;41
41899615;0.366;1;0.0;LKO_CAN;41
41899616;1.0;1;0.0;LKO_CAN;41
41900612;1.0;1;0.0;LKO_CAN;41
41900613;1.0;1;0.0;LKO_CAN;41
41900614;1.0;1;0.0;LKO_CAN;41
41900700;1.0;1;0.0;LKO_CAN;41
41901612;0.636;1;0.0;LKO_CAN;41
41901614;1.0;1;0.0;LKO_CAN;41
41901615;0.435;1;0.0;LKO_CAN;41
41901700;1.0;1;0.0;LKO_CAN;41
41902612;0.74;1;0.0;LKO_CAN;41
41903604;0.625;1;0.0;LKO_CAN;41
41903698;0.65;1;0.0;LKO_CAN;41
41903701;0.54;1;0.0;LKO_CAN;41
41904601;1.0;1;0.0;LKO_CAN;41
41904602;0.878;1;0.0;LKO_CAN;41
41904696;0.757;1;0.0;LKO_CAN;41
41904701;0.428;1;0.0;LKO_CAN;41
41905600;1.0;1;0.0;LKO_CAN;41
41905602;1.0;1;0.0;LKO_CAN;41
41905607;0.406;1;0.0;LKO_CAN;41
41905692;0.663;1;0.0;LKO_CAN;41
41905695;0.73;1;0.0;LKO_CAN;41
41905701;0.762;1;0.0;LKO_CAN;41
41906701;0.354;1;0.0;LKO_CAN;41
41907599;0.916;1;0.0;LKO_CAN;41
41907608;1.0;1;0.0;LKO_CAN;41
41908588;0.451;1;0.0;LKO_CAN;41
41908595;0.606;1;0.0;LKO_CAN;41
41908597;0.385;1;0.0;LKO_CAN;41
41908703;0.361;1;0.0;LKO_CAN;41
41909587;0.443;1;0.0;LKO_CAN;41
41909591;1.0;1;0.0;LKO_CAN;41
41909592;0.63;1;0.0;LKO_CAN;41
41909594;1.0;1;0.0;LKO_CAN;41
41910586;0.806;1;0.0;LKO_CAN;41
41910592;0.396;1;0.0;LKO_CAN;41
41911585;1.0;1;0.0;LKO_CAN;41
41913584;0.51;1;0.0;LKO_CAN;41
41914583;1.0;1;0.0;LKO_CAN;41
41915583;1.0;1;0.0;LKO_CAN;41
41916582;1.0;1;0.0;LKO_CAN;41
41916583;1.0;1;0.0;LKO_CAN;41
41919582;1.0;1;0.0;LKO_CAN;41
41919710;0.697;1;0.0;LKO_CAN;41
41920582;1.0;1;0.0;LKO_CAN;41
41921583;0.543;1;0.0;LKO_CAN;41
41922584;0.612;1;0.0;LKO_CAN;41
41923584;0.929;1;0.0;LKO_CAN;41
41924584;1.0;1;0.0;LKO_CAN;41
41924718;0.763;1;0.0;LKO_CAN;41
41924740;0.601;1;0.0;LKO_CAN;41
41924741;1.0;1;0.0;LKO_CAN;41
41925584;1.0;1;0.0;LKO_CAN;41
41925742;0.492;1;0.0;LKO_CAN;41
41927585;1.0;1;0.0;LKO_CAN;41
41927586;1.0;1;0.0;LKO_CAN;41
41927738;1.0;1;0.0;LKO_CAN;41
41928586;1.0;1;0.0;LKO_CAN;41
41928587;0.743;1;0.0;LKO_CAN;41
41928746;1.0;1;0.0;LKO_CAN;41
41929747;0.574;1;0.0;LKO_CAN;41
41930736;0.852;1;0.0;LKO_CAN;41
41930749;0.587;1;0.0;LKO_CAN;41
41931751;0.802;1;0.0;LKO_CAN;41
41932752;0.461;1;0.0;LKO_CAN;41
41944586;0.849;1;0.0;LKO_CAN;41
41946778;1.0;1;0.0;LKO_CAN;41
41947586;0.529;1;0.0;LKO_CAN;41
41953726;0.489;1;0.0;LKO_CAN;41
41955787;1.0;1;0.0;LKO_CAN;41
41966792;0.728;1;0.0;LKO_CAN;41
41967792;0.913;1;0.0;LKO_CAN;41
41979795;1.0;1;0.0;LKO_CAN;41
41980795;1.0;1;0.0;LKO_CAN;41
41983797;0.828;1;0.0;LKO_CAN;41
41983798;1.0;1;0.0;LKO_CAN;41
41983799;1.0;1;0.0;LKO_CAN;41
41983800;1.0;1;0.0;LKO_CAN;41
41983801;1.0;1;0.0;LKO_CAN;41
41984799;0.727;1;0.0;LKO_CAN;41
41996805;0.819;1;0.0;LKO_CAN;41
41997806;1.0;1;0.0;LKO_CAN;41
41998806;1.0;1;0.0;LKO_CAN;41
42008479;1.0;1;0.0;LKO_CAN;42
42009480;0.656;1;0.0;LKO_CAN;42
42009481;1.0;1;0.0;LKO_CAN;42
42010482;0.976;1;0.0;LKO_CAN;42
42011482;1.0;1;0.0;LKO_CAN;42
42012481;0.97;1;0.0;LKO_CAN;42
42076503;0.797;1;0.0;LKO_CAN;42
42077504;1.0;1;0.0;LKO_CAN;42
42078504;1.0;1;0.0;LKO_CAN;42
42097509;0.36;1;0.0;LKO_CAN;42
42106511;1.0;1;0.0;LKO_CAN;42
42107511;0.497;1;0.0;LKO_CAN;42
42126475;1.0;1;0.0;LKO_CAN;42
42127518;1.0;1;0.0;LKO_CAN;42
42130477;1.0;1;0.0;LKO_CAN;42
42130478;1.0;1;0.0;LKO_CAN;42
42131476;0.507;1;0.0;LKO_CAN;42
42131477;0.931;1;0.0;LKO_CAN;42
42131479;1.0;1;0.0;LKO_CAN;42
42131480;1.0;1;0.0;LKO_CAN;42
42131481;0.397;1;0.0;LKO_CAN;42
42131484;0.712;1;0.0;LKO_CAN;42
42132476;1.0;1;0.0;LKO_CAN;42
42132477;1.0;1;0.0;LKO_CAN;42
42132478;0.645;1;0.0;LKO_CAN;42
42132484;0.893;1;0.0;LKO_CAN;42
42133479;1.0;1;0.0;LKO_CAN;42
42134485;0.491;1;0.0;LKO_CAN;42
42137484;0.901;1;0.0;LKO_CAN;42
42137487;1.0;1;0.0;LKO_CAN;42
42141485;0.507;1;0.0;LKO_CAN;42
42142481;0.635;1;0.0;LKO_CAN;42
42191517;0.611;1;0.0;LKO_CAN;42
42205548;0.558;1;0.0;LKO_CAN;42
42239561;0.374;1;0.0;LKO_CAN;42
42244563;0.717;1;0.0;LKO_CAN;42
42245563;0.557;1;0.0;LKO_CAN;42
42254567;0.984;1;0.0;LKO_CAN;42
42264570;0.406;1;0.0;LKO_CAN;42
42271572;1.0;1;0.0;LKO_CAN;42
42272572;1.0;1;0.0;LKO_CAN;42
42296579;0.435;1;0.0;LKO_CAN;42
42342589;1.0;1;0.0;LKO_CAN;42
42345564;1.0;1;0.0;LKO_CAN;42
42354566;0.612;1;0.0;LKO_CAN;42
42356592;0.63;1;0.0;LKO_CAN;42
42363593;0.674;1;0.0;LKO_CAN;42
42370595;1.0;1;0.0;LKO_CAN;42
42380599;0.715;1;0.0;LKO_CAN;42
42386600;0.807;1;0.0;LKO_CAN;42
42387600;1.0;1;0.0;LKO_CAN;42
42395603;1.0;1;0.0;LKO_CAN;42
42408606;0.822;1;0.0;LKO_CAN;42
42414607;0.753;1;0.0;LKO_CAN;42
42415607;1.0;1;0.0;LKO_CAN;42
42420609;1.0;1;0.0;LKO_CAN;42
42421609;1.0;1;0.0;LKO_CAN;42
42422609;1.0;1;0.0;LKO_CAN;42
42435610;1.0;1;0.0;LKO_CAN;42
42449620;1.0;1;0.0;LKO_CAN;42
42449621;0.759;1;0.0;LKO_CAN;42
42450622;1.0;1;0.0;LKO_CAN;42
42452619;1.0;1;0.0;LKO_CAN;42
42452622;0.914;1;0.0;LKO_CAN;42
42459626;0.4;1;0.0;LKO_CAN;42
42461627;1.0;1;0.0;LKO_CAN;42
42498613;1.0;1;0.0;LKO_CAN;42
42512617;0.741;1;0.0;LKO_CAN;42
42519619;1.0;1;0.0;LKO_CAN;42
42541623;1.0;1;0.0;LKO_CAN;42
42588628;0.603;1;0.0;LKO_CAN;42
42588631;0.668;1;0.0;LKO_CAN;42
42589599;1.0;1;0.0;LKO_CAN;42
42589632;0.891;1;0.0;LKO_CAN;42
42589640;1.0;1;0.0;LKO_CAN;42
42590633;0.592;1;0.0;LKO_CAN;42
42590640;1.0;1;0.0;LKO_CAN;42
42591633;0.991;1;0.0;LKO_CAN;42
42591634;0.644;1;0.0;LKO_CAN;42
42591635;0.663;1;0.0;LKO_CAN;42
42596621;0.843;1;0.0;LKO_CAN;42
42609589;0.94;1;0.0;LKO_CAN;42
42610590;0.58;1;0.0;LKO_CAN;42
42612598;1.0;1;0.0;LKO_CAN;42
42623598;1.0;1;0.0;LKO_CAN;42
42626622;1.0;1;0.0;LKO_CAN;42
42636598;1.0;1;0.0;LKO_CAN;42
42637598;0.97;1;0.0;LKO_CAN;42
42638598;0.824;1;0.0;LKO_CAN;42
42640598;0.575;1;0.0;LKO_CAN;42
42641598;1.0;1;0.0;LKO_CAN;42
42641623;0.673;1;0.0;LKO_CAN;42
42645598;0.728;1;0.0;LKO_CAN;42
42646598;0.392;1;0.0;LKO_CAN;42
42661624;0.873;1;0.0;LKO_CAN;42
42683600;0.344;1;0.0;LKO_CAN;42
42687600;0.521;1;0.0;LKO_CAN;42
42697601;0.337;1;0.0;LKO_CAN;42
42698601;1.0;1;0.0;LKO_CAN;42
42704602;0.874;1;0.0;LKO_CAN;42
42706602;0.851;1;0.0;LKO_CAN;42
42713603;0.991;1;0.0;LKO_CAN;42
42722632;0.339;1;0.0;LKO_CAN;42
42726633;1.0;1;0.0;LKO_CAN;42
42727633;0.697;1;0.0;LKO_CAN;42
42737633;1.0;1;0.0;LKO_CAN;42
42738633;0.442;1;0.0;LKO_CAN;42
42742634;0.52;1;0.0;LKO_CAN;42
42744635;0.827;1;0.0;LKO_CAN;42
42745635;0.8;1;0.0;LKO_CAN;42
42757636;0.821;1;0.0;LKO_CAN;42
42758636;1.0;1;0.0;LKO_CAN;42
42766636;1.0;1;0.0;LKO_CAN;42
42854635;0.891;1;0.0;LKO_CAN;42
42855635;1.0;1;0.0;LKO_CAN;42
42861634;0.656;1;0.0;LKO_CAN;42
42862634;0.795;1;0.0;LKO_CAN;42
42869632;0.826;1;0.0;LKO_CAN;42
42869633;1.0;1;0.0;LKO_CAN;42
42870633;1.0;1;0.0;LKO_CAN;42
42872632;0.906;1;0.0;LKO_CAN;42
42874631;0.952;1;0.0;LKO_CAN;42
42875631;1.0;1;0.0;LKO_CAN;42
42900623;0.344;1;0.0;LKO_CAN;42
42916616;0.89;1;0.0;LKO_CAN;42
42918615;1.0;1;0.0;LKO_CAN;42
42923414;0.914;1;0.0;LKO_CAN;42
42924414;0.965;1;0.0;LKO_CAN;42
42924416;0.904;1;0.0;LKO_CAN;42
42929418;1.0;1;0.0;LKO_CAN;42
42935605;1.0;1;0.0;LKO_CAN;42
42936604;1.0;1;0.0;LKO_CAN;42
42937422;1.0;1;0.0;LKO_CAN;42
42937604;0.551;1;0.0;LKO_CAN;42
42938605;1.0;1;0.0;LKO_CAN;42
42939606;0.677;1;0.0;LKO_CAN;42
42939607;0.689;1;0.0;LKO_CAN;42
42940407;0.931;1;0.0;LKO_CAN;42
42940607;0.545;1;0.0;LKO_CAN;42
42942426;0.775;1;0.0;LKO_CAN;42
42942427;0.908;1;0.0;LKO_CAN;42
42943407;1.0;1;0.0;LKO_CAN;42
42943427;0.818;1;0.0;LKO_CAN;42
42944428;1.0;1;0.0;LKO_CAN;42
42947429;1.0;1;0.0;LKO_CAN;42
42948429;1.0;1;0.0;LKO_CAN;42
42949429;1.0;1;0.0;LKO_CAN;42
42950429;0.76;1;0.0;LKO_CAN;42
42951428;1.0;1;0.0;LKO_CAN;42
42953410;1.0;1;0.0;LKO_CAN;42
42953618;1.0;1;0.0;LKO_CAN;42
42955428;0.342;1;0.0;LKO_CAN;42
42956623;1.0;1;0.0;LKO_CAN;42
42957420;1.0;1;0.0;LKO_CAN;42
42958418;1.0;1;0.0;LKO_CAN;42
42958419;0.348;1;0.0;LKO_CAN;42
42958621;0.95;1;0.0;LKO_CAN;42
42959417;0.462;1;0.0;LKO_CAN;42
42960416;1.0;1;0.0;LKO_CAN;42
42960417;0.908;1;0.0;LKO_CAN;42
42960583;1.0;1;0.0;LKO_CAN;42
42961582;1.0;1;0.0;LKO_CAN;42
42961626;0.862;1;0.0;LKO_CAN;42
42962418;1.0;1;0.0;LKO_CAN;42
42965421;0.996;1;0.0;LKO_CAN;42
42966629;0.651;1;0.0;LKO_CAN;42
42968630;0.608;1;0.0;LKO_CAN;42
42972632;1.0;1;0.0;LKO_CAN;42
42974633;0.819;1;0.0;LKO_CAN;42
42976534;1.0;1;0.0;LKO_CAN;42
42976634;0.462;1;0.0;LKO_CAN;42
42978635;1.0;1;0.0;LKO_CAN;42
42982636;1.0;1;0.0;LKO_CAN;42
42983535;0.628;1;0.0;LKO_CAN;42
42983636;1.0;1;0.0;LKO_CAN;42
42985636;1.0;1;0.0;LKO_CAN;42
42988638;0.983;1;0.0;LKO_CAN;42
43016379;0.665;1;0.0;LKO_CAN;43
43016380;1.0;1;0.0;LKO_CAN;43
43017379;1.0;1;0.0;LKO_CAN;43
43018379;0.79;1;0.0;LKO_CAN;43
43018381;1.0;1;0.0;LKO_CAN;43
43019379;1.0;1;0.0;LKO_CAN;43
43020378;1.0;1;0.0;LKO_CAN;43
43021380;0.816;1;0.0;LKO_CAN;43
43022376;0.91;1;0.0;LKO_CAN;43
43022379;1.0;1;0.0;LKO_CAN;43
43024364;1.0;1;0.0;LKO_CAN;43
43024365;0.759;1;0.0;LKO_CAN;43
43024377;1.0;1;0.0;LKO_CAN;43
43025368;0.759;1;0.0;LKO_CAN;43
43025369;0.926;1;0.0;LKO_CAN;43
43025370;0.76;1;0.0;LKO_CAN;43
43025371;0.572;1;0.0;LKO_CAN;43
43025380;0.998;1;0.0;LKO_CAN;43
43028381;0.523;1;0.0;LKO_CAN;43
43028384;0.811;1;0.0;LKO_CAN;43
43029381;0.848;1;0.0;LKO_CAN;43
43029387;0.87;1;0.0;LKO_CAN;43
43033392;0.752;1;0.0;LKO_CAN;43
43034393;0.999;1;0.0;LKO_CAN;43
43036394;1.0;1;0.0;LKO_CAN;43
43037395;0.34;1;0.0;LKO_CAN;43
43038395;1.0;1;0.0;LKO_CAN;43
43038396;1.0;1;0.0;LKO_CAN;43
43039396;0.759;1;0.0;LKO_CAN;43
43040503;1.0;1;0.0;LKO_CAN;43
43042402;1.0;1;0.0;LKO_CAN;43
43043404;0.358;1;0.0;LKO_CAN;43
43048501;0.913;1;0.0;LKO_CAN;43
43060417;1.0;1;0.0;LKO_CAN;43
43062436;0.419;1;0.0;LKO_CAN;43
43062452;0.649;1;0.0;LKO_CAN;43
43062453;0.965;1;0.0;LKO_CAN;43
43062454;1.0;1;0.0;LKO_CAN;43
43063454;0.683;1;0.0;LKO_CAN;43
43063455;1.0;1;0.0;LKO_CAN;43
43065493;0.876;1;0.0;LKO_CAN;43
43066492;1.0;1;0.0;LKO_CAN;43
43069489;0.414;1;0.0;LKO_CAN;43
43214503;0.542;1;0.0;LKO_CAN;43
43221505;1.0;1;0.0;LKO_CAN;43
43223506;0.521;1;0.0;LKO_CAN;43
43224473;0.817;1;0.0;LKO_CAN;43
43226508;1.0;1;0.0;LKO_CAN;43
43228474;0.644;1;0.0;LKO_CAN;43
43228509;0.59;1;0.0;LKO_CAN;43
43235477;0.441;1;0.0;LKO_CAN;43
43236477;1.0;1;0.0;LKO_CAN;43
43237478;1.0;1;0.0;LKO_CAN;43
43238478;1.0;1;0.0;LKO_CAN;43
43244427;1.0;1;0.0;LKO_CAN;43
43248426;1.0;1;0.0;LKO_CAN;43
43248440;1.0;1;0.0;LKO_CAN;43
43249443;1.0;1;0.0;LKO_CAN;43
43249444;1.0;1;0.0;LKO_CAN;43
43250430;1.0;1;0.0;LKO_CAN;43
43250431;1.0;1;0.0;LKO_CAN;43
43250445;0.648;1;0.0;LKO_CAN;43
43250447;1.0;1;0.0;LKO_CAN;43
43251446;0.665;1;0.0;LKO_CAN;43
43251447;0.82;1;0.0;LKO_CAN;43
43252430;0.841;1;0.0;LKO_CAN;43
43252437;0.9;1;0.0;LKO_CAN;43
43252438;1.0;1;0.0;LKO_CAN;43
43252439;0.799;1;0.0;LKO_CAN;43
43252518;1.0;1;0.0;LKO_CAN;43
43253435;0.892;1;0.0;LKO_CAN;43
43253448;1.0;1;0.0;LKO_CAN;43
43253452;1.0;1;0.0;LKO_CAN;43
43254434;1.0;1;0.0;LKO_CAN;43
43254445;0.807;1;0.0;LKO_CAN;43
43255432;0.785;1;0.0;LKO_CAN;43
43255433;0.628;1;0.0;LKO_CAN;43
43255449;0.452;1;0.0;LKO_CAN;43
43255453;0.912;1;0.0;LKO_CAN;43
43255454;0.12;1;0.0;LKO_CAN;43
43256454;0.512;1;0.0;LKO_CAN;43
43257446;0.537;1;0.0;LKO_CAN;43
43257448;0.972;1;0.0;LKO_CAN;43
43257456;1.0;1;0.0;LKO_CAN;43
43266489;0.942;1;0.0;LKO_CAN;43
43268490;0.47;1;0.0;LKO_CAN;43
43274494;0.792;1;0.0;LKO_CAN;43
43301504;0.664;1;0.0;LKO_CAN;43
43305505;1.0;1;0.0;LKO_CAN;43
43320532;0.803;1;0.0;LKO_CAN;43
43327510;1.0;1;0.0;LKO_CAN;43
43340537;0.679;1;0.0;LKO_CAN;43
43343537;0.83;1;0.0;LKO_CAN;43
43349512;0.487;1;0.0;LKO_CAN;43
43349538;0.926;1;0.0;LKO_CAN;43
43350538;0.831;1;0.0;LKO_CAN;43
43351512;0.797;1;0.0;LKO_CAN;43
43382513;1.0;1;0.0;LKO_CAN;43
43383513;0.767;1;0.0;LKO_CAN;43
43395496;0.508;1;0.0;LKO_CAN;43
43483553;1.0;1;0.0;LKO_CAN;43
43487578;1.0;1;0.0;LKO_CAN;43
43488573;0.34;1;0.0;LKO_CAN;43
43489597;0.885;1;0.0;LKO_CAN;43
43490581;1.0;1;0.0;LKO_CAN;43
43490594;1.0;1;0.0;LKO_CAN;43
43491582;1.0;1;0.0;LKO_CAN;43
43492558;0.418;1;0.0;LKO_CAN;43
43492564;1.0;1;0.0;LKO_CAN;43
43492583;0.068;1;0.0;LKO_CAN;43
43492590;1.0;1;0.0;LKO_CAN;43
43492591;0.379;1;0.0;LKO_CAN;43
43493588;1.0;1;0.0;LKO_CAN;43
43494586;1.0;1;0.0;LKO_CAN;43
43498557;0.221;1;0.0;LKO_CAN;43
43514504;0.443;1;0.0;LKO_CAN;43
43515513;1.0;1;0.0;LKO_CAN;43
43516513;1.0;1;0.0;LKO_CAN;43
43518513;0.597;1;0.0;LKO_CAN;43
43519513;0.77;1;0.0;LKO_CAN;43
43523529;0.258;1;0.0;LKO_CAN;43
43526529;0.378;1;0.0;LKO_CAN;43
43527529;0.762;1;0.0;LKO_CAN;43
43528529;0.952;1;0.0;LKO_CAN;43
43529514;1.0;1;0.0;LKO_CAN;43
43530514;0.178;1;0.0;LKO_CAN;43
43530529;1.0;1;0.0;LKO_CAN;43
43531514;0.478;1;0.0;LKO_CAN;43
43532514;0.738;1;0.0;LKO_CAN;43
43533513;0.767;1;0.0;LKO_CAN;43
43533562;0.564;1;0.0;LKO_CAN;43
43534512;1.0;1;0.0;LKO_CAN;43
43534562;0.372;1;0.0;LKO_CAN;43
43535514;0.979;1;0.0;LKO_CAN;43
43538517;0.792;1;0.0;LKO_CAN;43
43544563;1.0;1;0.0;LKO_CAN;43
43624516;0.365;1;0.0;LKO_CAN;43
43626516;0.231;1;0.0;LKO_CAN;43
43641546;0.818;1;0.0;LKO_CAN;43
43643546;0.6;1;0.0;LKO_CAN;43
43660546;0.196;1;0.0;LKO_CAN;43
43666553;1.0;1;0.0;LKO_CAN;43
43671550;1.0;1;0.0;LKO_CAN;43
43678547;1.0;1;0.0;LKO_CAN;43
43679547;1.0;1;0.0;LKO_CAN;43
43680547;1.0;1;0.0;LKO_CAN;43
43689548;1.0;1;0.0;LKO_CAN;43
43690515;0.376;1;0.0;LKO_CAN;43
43691548;0.955;1;0.0;LKO_CAN;43
43698549;1.0;1;0.0;LKO_CAN;43
43715514;0.188;1;0.0;LKO_CAN;43
43716514;1.0;1;0.0;LKO_CAN;43
43720514;0.333;1;0.0;LKO_CAN;43
43721548;0.437;1;0.0;LKO_CAN;43
43732546;0.136;1;0.0;LKO_CAN;43
43734514;0.244;1;0.0;LKO_CAN;43
43756544;0.573;1;0.0;LKO_CAN;43
43758544;0.44;1;0.0;LKO_CAN;43
43758664;1.0;1;0.0;LKO_CAN;43
43759544;0.394;1;0.0;LKO_CAN;43
43762666;0.361;1;0.0;LKO_CAN;43
43764544;0.482;1;0.0;LKO_CAN;43
43767544;0.909;1;0.0;LKO_CAN;43
43769544;0.158;1;0.0;LKO_CAN;43
43769545;1.0;1;0.0;LKO_CAN;43
43769549;1.0;1;0.0;LKO_CAN;43
43769550;0.634;1;0.0;LKO_CAN;43
43770545;1.0;1;0.0;LKO_CAN;43
43770552;0.496;1;0.0;LKO_CAN;43
43770553;0.706;1;0.0;LKO_CAN;43
43771652;1.0;1;0.0;LKO_CAN;43
43772550;1.0;1;0.0;LKO_CAN;43
43772551;0.203;1;0.0;LKO_CAN;43
43773651;1.0;1;0.0;LKO_CAN;43
43774552;1.0;1;0.0;LKO_CAN;43
43774553;0.442;1;0.0;LKO_CAN;43
43775544;1.0;1;0.0;LKO_CAN;43
43775570;1.0;1;0.0;LKO_CAN;43
43775571;1.0;1;0.0;LKO_CAN;43
43775572;1.0;1;0.0;LKO_CAN;43
43776568;0.994;1;0.0;LKO_CAN;43
43776569;0.808;1;0.0;LKO_CAN;43
43776570;0.997;1;0.0;LKO_CAN;43
43776571;1.0;1;0.0;LKO_CAN;43
43777554;1.0;1;0.0;LKO_CAN;43
43777568;0.757;1;0.0;LKO_CAN;43
43777569;0.936;1;0.0;LKO_CAN;43
43777570;1.0;1;0.0;LKO_CAN;43
43778568;0.173;1;0.0;LKO_CAN;43
43778569;0.957;1;0.0;LKO_CAN;43
43778646;1.0;1;0.0;LKO_CAN;43
43779555;0.96;1;0.0;LKO_CAN;43
43779566;0.802;1;0.0;LKO_CAN;43
43780553;0.511;1;0.0;LKO_CAN;43
43780564;0.735;1;0.0;LKO_CAN;43
43780569;1.0;1;0.0;LKO_CAN;43
43780570;1.0;1;0.0;LKO_CAN;43
43780571;1.0;1;0.0;LKO_CAN;43
43780572;1.0;1;0.0;LKO_CAN;43
43780573;1.0;1;0.0;LKO_CAN;43
43780574;1.0;1;0.0;LKO_CAN;43
43780575;0.802;1;0.0;LKO_CAN;43
43780645;1.0;1;0.0;LKO_CAN;43
43781575;0.917;1;0.0;LKO_CAN;43
43781633;0.988;1;0.0;LKO_CAN;43
43781635;1.0;1;0.0;LKO_CAN;43
43782564;0.541;1;0.0;LKO_CAN;43
43782572;0.912;1;0.0;LKO_CAN;43
43782573;0.605;1;0.0;LKO_CAN;43
43782641;0.592;1;0.0;LKO_CAN;43
43782644;0.925;1;0.0;LKO_CAN;43
43783576;0.808;1;0.0;LKO_CAN;43
43783578;0.549;1;0.0;LKO_CAN;43
43784563;0.936;1;0.0;LKO_CAN;43
43784577;1.0;1;0.0;LKO_CAN;43
43784632;0.749;1;0.0;LKO_CAN;43
43785563;0.402;1;0.0;LKO_CAN;43
43785580;1.0;1;0.0;LKO_CAN;43
43785632;1.0;1;0.0;LKO_CAN;43
43786554;0.212;1;0.0;LKO_CAN;43
43786563;0.836;1;0.0;LKO_CAN;43
43786579;0.656;1;0.0;LKO_CAN;43
43786580;1.0;1;0.0;LKO_CAN;43
43787579;0.864;1;0.0;LKO_CAN;43
43787580;1.0;1;0.0;LKO_CAN;43
43788553;0.57;1;0.0;LKO_CAN;43
43788555;1.0;1;0.0;LKO_CAN;43
43788563;0.893;1;0.0;LKO_CAN;43
43789553;0.419;1;0.0;LKO_CAN;43
43789555;1.0;1;0.0;LKO_CAN;43
43789563;1.0;1;0.0;LKO_CAN;43
43790553;1.0;1;0.0;LKO_CAN;43
43790554;0.547;1;0.0;LKO_CAN;43
43790555;1.0;1;0.0;LKO_CAN;43
43790562;1.0;1;0.0;LKO_CAN;43
43790563;1.0;1;0.0;LKO_CAN;43
43790579;0.157;1;0.0;LKO_CAN;43
43791554;0.866;1;0.0;LKO_CAN;43
43791556;0.873;1;0.0;LKO_CAN;43
43791557;1.0;1;0.0;LKO_CAN;43
43791561;1.0;1;0.0;LKO_CAN;43
43791562;0.949;1;0.0;LKO_CAN;43
43792507;1.0;1;0.0;LKO_CAN;43
43792556;0.404;1;0.0;LKO_CAN;43
43792557;0.719;1;0.0;LKO_CAN;43
43792558;0.818;1;0.0;LKO_CAN;43
43792559;1.0;1;0.0;LKO_CAN;43
43792560;1.0;1;0.0;LKO_CAN;43
43792561;0.363;1;0.0;LKO_CAN;43
43792580;1.0;1;0.0;LKO_CAN;43
43793557;1.0;1;0.0;LKO_CAN;43
43793578;0.631;1;0.0;LKO_CAN;43
43793587;1.0;1;0.0;LKO_CAN;43
43793588;1.0;1;0.0;LKO_CAN;43
43793589;1.0;1;0.0;LKO_CAN;43
43794577;1.0;1;0.0;LKO_CAN;43
43794586;0.661;1;0.0;LKO_CAN;43
43795577;1.0;1;0.0;LKO_CAN;43
43795579;1.0;1;0.0;LKO_CAN;43
43795585;0.145;1;0.0;LKO_CAN;43
43795590;0.872;1;0.0;LKO_CAN;43
43795616;0.858;1;0.0;LKO_CAN;43
43795622;0.922;1;0.0;LKO_CAN;43
43795623;0.373;1;0.0;LKO_CAN;43
43796583;1.0;1;0.0;LKO_CAN;43
43796585;0.817;1;0.0;LKO_CAN;43
43796591;1.0;1;0.0;LKO_CAN;43
43796625;0.626;1;0.0;LKO_CAN;43
43796631;1.0;1;0.0;LKO_CAN;43
43797576;0.697;1;0.0;LKO_CAN;43
43797578;1.0;1;0.0;LKO_CAN;43
43797582;1.0;1;0.0;LKO_CAN;43
43797583;1.0;1;0.0;LKO_CAN;43
43797584;1.0;1;0.0;LKO_CAN;43
43797587;1.0;1;0.0;LKO_CAN;43
43797591;0.949;1;0.0;LKO_CAN;43
43797625;1.0;1;0.0;LKO_CAN;43
43797626;1.0;1;0.0;LKO_CAN;43
43797627;0.477;1;0.0;LKO_CAN;43
43798580;0.25;1;0.0;LKO_CAN;43
43798581;1.0;1;0.0;LKO_CAN;43
43798584;0.951;1;0.0;LKO_CAN;43
43798587;0.458;1;0.0;LKO_CAN;43
43798590;0.877;1;0.0;LKO_CAN;43
43798627;0.721;1;0.0;LKO_CAN;43
43798628;1.0;1;0.0;LKO_CAN;43
43798629;1.0;1;0.0;LKO_CAN;43
43798630;1.0;1;0.0;LKO_CAN;43
43799577;0.386;1;0.0;LKO_CAN;43
43799582;0.617;1;0.0;LKO_CAN;43
43799583;1.0;1;0.0;LKO_CAN;43
43799589;1.0;1;0.0;LKO_CAN;43
43799590;1.0;1;0.0;LKO_CAN;43
43799591;1.0;1;0.0;LKO_CAN;43
43799616;0.786;1;0.0;LKO_CAN;43
43800576;0.22;1;0.0;LKO_CAN;43
43800579;0.551;1;0.0;LKO_CAN;43
43800580;0.224;1;0.0;LKO_CAN;43
43800581;0.494;1;0.0;LKO_CAN;43
43800582;0.995;1;0.0;LKO_CAN;43
43800587;1.0;1;0.0;LKO_CAN;43
43800588;1.0;1;0.0;LKO_CAN;43
43800589;1.0;1;0.0;LKO_CAN;43
43800590;1.0;1;0.0;LKO_CAN;43
43801537;0.573;1;0.0;LKO_CAN;43
43801576;0.911;1;0.0;LKO_CAN;43
43801581;0.434;1;0.0;LKO_CAN;43
43801582;1.0;1;0.0;LKO_CAN;43
43801585;0.71;1;0.0;LKO_CAN;43
43801587;1.0;1;0.0;LKO_CAN;43
43801589;1.0;1;0.0;LKO_CAN;43
43801590;0.431;1;0.0;LKO_CAN;43
43801594;0.821;1;0.0;LKO_CAN;43
43802579;1.0;1;0.0;LKO_CAN;43
43802581;0.21;1;0.0;LKO_CAN;43
43802582;0.591;1;0.0;LKO_CAN;43
43802589;1.0;1;0.0;LKO_CAN;43
43802592;1.0;1;0.0;LKO_CAN;43
43803573;0.883;1;0.0;LKO_CAN;43
43803575;1.0;1;0.0;LKO_CAN;43
43803587;0.924;1;0.0;LKO_CAN;43
43804581;0.392;1;0.0;LKO_CAN;43
43804582;1.0;1;0.0;LKO_CAN;43
43804587;0.933;1;0.0;LKO_CAN;43
43804617;0.968;1;0.0;LKO_CAN;43
43805574;0.814;1;0.0;LKO_CAN;43
43805582;0.519;1;0.0;LKO_CAN;43
43806573;0.794;1;0.0;LKO_CAN;43
43806574;0.199;1;0.0;LKO_CAN;43
43807574;1.0;1;0.0;LKO_CAN;43
43807577;0.28;1;0.0;LKO_CAN;43
43807609;1.0;1;0.0;LKO_CAN;43
43807610;0.869;1;0.0;LKO_CAN;43
43807611;0.509;1;0.0;LKO_CAN;43
43807612;0.474;1;0.0;LKO_CAN;43
43807613;0.408;1;0.0;LKO_CAN;43
43807614;0.848;1;0.0;LKO_CAN;43
43808576;0.902;1;0.0;LKO_CAN;43
43808605;1.0;1;0.0;LKO_CAN;43
43808607;0.133;1;0.0;LKO_CAN;43
43808608;1.0;1;0.0;LKO_CAN;43
43808612;1.0;1;0.0;LKO_CAN;43
43808613;0.477;1;0.0;LKO_CAN;43
43808618;0.575;1;0.0;LKO_CAN;43
43809618;1.0;1;0.0;LKO_CAN;43
43810588;1.0;1;0.0;LKO_CAN;43
43810589;1.0;1;0.0;LKO_CAN;43
43810594;0.443;1;0.0;LKO_CAN;43
43810595;1.0;1;0.0;LKO_CAN;43
43810596;0.973;1;0.0;LKO_CAN;43
43810600;1.0;1;0.0;LKO_CAN;43
43811589;1.0;1;0.0;LKO_CAN;43
43811590;0.505;1;0.0;LKO_CAN;43
43811598;0.794;1;0.0;LKO_CAN;43
43811603;0.439;1;0.0;LKO_CAN;43
43811621;0.402;1;0.0;LKO_CAN;43
43811624;0.941;1;0.0;LKO_CAN;43
43812588;1.0;1;0.0;LKO_CAN;43
43812589;1.0;1;0.0;LKO_CAN;43
43812590;0.538;1;0.0;LKO_CAN;43
43812595;1.0;1;0.0;LKO_CAN;43
43812624;0.881;1;0.0;LKO_CAN;43
43813589;1.0;1;0.0;LKO_CAN;43
43813590;0.736;1;0.0;LKO_CAN;43
43813594;0.341;1;0.0;LKO_CAN;43
43813626;0.696;1;0.0;LKO_CAN;43
43814590;0.454;1;0.0;LKO_CAN;43
43814594;0.92;1;0.0;LKO_CAN;43
43814628;0.978;1;0.0;LKO_CAN;43
43815629;0.565;1;0.0;LKO_CAN;43
43818629;1.0;1;0.0;LKO_CAN;43
43818630;1.0;1;0.0;LKO_CAN;43
43821630;1.0;1;0.0;LKO_CAN;43
43824632;0.736;1;0.0;LKO_CAN;43
43825632;1.0;1;0.0;LKO_CAN;43
43826633;0.341;1;0.0;LKO_CAN;43
43830635;0.692;1;0.0;LKO_CAN;43
43832636;0.619;1;0.0;LKO_CAN;43
43836641;0.174;1;0.0;LKO_CAN;43
43838643;0.427;1;0.0;LKO_CAN;43
43839643;0.352;1;0.0;LKO_CAN;43
43841644;0.893;1;0.0;LKO_CAN;43
43842645;1.0;1;0.0;LKO_CAN;43
43843647;0.515;1;0.0;LKO_CAN;43
43843648;0.158;1;0.0;LKO_CAN;43
43844648;1.0;1;0.0;LKO_CAN;43
43846650;0.773;1;0.0;LKO_CAN;43
43846652;0.408;1;0.0;LKO_CAN;43
43847651;0.431;1;0.0;LKO_CAN;43
43848653;0.499;1;0.0;LKO_CAN;43
43849653;1.0;1;0.0;LKO_CAN;43
43850654;1.0;1;0.0;LKO_CAN;43
43853654;1.0;1;0.0;LKO_CAN;43
43856653;1.0;1;0.0;LKO_CAN;43
43857653;0.778;1;0.0;LKO_CAN;43
43859654;0.893;1;0.0;LKO_CAN;43
43860653;0.362;1;0.0;LKO_CAN;43
43862653;1.0;1;0.0;LKO_CAN;43
43863653;0.908;1;0.0;LKO_CAN;43
43863654;0.656;1;0.0;LKO_CAN;43
43864529;0.495;1;0.0;LKO_CAN;43
43864654;0.735;1;0.0;LKO_CAN;43
43873528;0.413;1;0.0;LKO_CAN;43
43903523;0.81;1;0.0;LKO_CAN;43
43913522;1.0;1;0.0;LKO_CAN;43
43914522;1.0;1;0.0;LKO_CAN;43
43971525;0.636;1;0.0;LKO_CAN;43
43972525;1.0;1;0.0;LKO_CAN;43
43973525;1.0;1;0.0;LKO_CAN;43
43974525;1.0;1;0.0;LKO_CAN;43
43984525;0.662;1;0.0;LKO_CAN;43
43985525;1.0;1;0.0;LKO_CAN;43
43986525;0.927;1;0.0;LKO_CAN;43
43995525;1.0;1;0.0;LKO_CAN;43
43996525;0.667;1;0.0;LKO_CAN;43
43997525;0.928;1;0.0;LKO_CAN;43
44001346;0.654;1;0.0;LKO_CAN;44
44002346;0.701;1;0.0;LKO_CAN;44
44003346;1.0;1;0.0;LKO_CAN;44
44024323;0.593;1;0.0;LKO_CAN;44
44028346;0.583;1;0.0;LKO_CAN;44
44030346;0.267;1;0.0;LKO_CAN;44
44036257;0.39;1;0.0;LKO_CAN;44
44037254;0.607;1;0.0;LKO_CAN;44
44037256;0.63;1;0.0;LKO_CAN;44
44038252;0.968;1;0.0;LKO_CAN;44
44038253;0.333;1;0.0;LKO_CAN;44
44041195;1.0;1;0.0;LKO_CAN;44
44063344;1.0;1;0.0;LKO_CAN;44
44071345;1.0;1;0.0;LKO_CAN;44
44072345;0.153;1;0.0;LKO_CAN;44
44074345;0.644;1;0.0;LKO_CAN;44
44075345;1.0;1;0.0;LKO_CAN;44
44076345;0.455;1;0.0;LKO_CAN;44
44092344;0.435;1;0.0;LKO_CAN;44
44093344;1.0;1;0.0;LKO_CAN;44
44115343;1.0;1;0.0;LKO_CAN;44
44120343;1.0;1;0.0;LKO_CAN;44
44125343;1.0;1;0.0;LKO_CAN;44
44174350;0.963;1;0.0;LKO_CAN;44
44181352;1.0;1;0.0;LKO_CAN;44
44182352;0.472;1;0.0;LKO_CAN;44
44201358;0.515;1;0.0;LKO_CAN;44
44208361;1.0;1;0.0;LKO_CAN;44
44219366;0.959;1;0.0;LKO_CAN;44
44252377;0.443;1;0.0;LKO_CAN;44
44266380;0.62;1;0.0;LKO_CAN;44
44271382;0.907;1;0.0;LKO_CAN;44
44289389;0.703;1;0.0;LKO_CAN;44
44320396;0.163;1;0.0;LKO_CAN;44
44323397;0.637;1;0.0;LKO_CAN;44
44326398;0.769;1;0.0;LKO_CAN;44
44361407;0.898;1;0.0;LKO_CAN;44
44362407;0.663;1;0.0;LKO_CAN;44
44366408;1.0;1;0.0;LKO_CAN;44
44378412;1.0;1;0.0;LKO_CAN;44
44385345;0.195;1;0.0;LKO_CAN;44
44388346;0.226;1;0.0;LKO_CAN;44
44390348;0.153;1;0.0;LKO_CAN;44
44391344;1.0;1;0.0;LKO_CAN;44
44391349;1.0;1;0.0;LKO_CAN;44
44392342;0.814;1;0.0;LKO_CAN;44
44392350;0.333;1;0.0;LKO_CAN;44
44393351;0.198;1;0.0;LKO_CAN;44
44395353;0.927;1;0.0;LKO_CAN;44
44397354;0.165;1;0.0;LKO_CAN;44
44401358;0.136;1;0.0;LKO_CAN;44
44401359;0.333;1;0.0;LKO_CAN;44
44402359;0.333;1;0.0;LKO_CAN;44
44403360;1.0;1;0.0;LKO_CAN;44
44403361;0.28;1;0.0;LKO_CAN;44
44405363;0.145;1;0.0;LKO_CAN;44
44452458;0.848;1;0.0;LKO_CAN;44
44498442;0.928;1;0.0;LKO_CAN;44
44502446;0.583;1;0.0;LKO_CAN;44
44510507;0.361;1;0.0;LKO_CAN;44
44511508;1.0;1;0.0;LKO_CAN;44
44521515;0.858;1;0.0;LKO_CAN;44
44525518;0.439;1;0.0;LKO_CAN;44
44533472;0.793;1;0.0;LKO_CAN;44
44535525;1.0;1;0.0;LKO_CAN;44
44538527;0.781;1;0.0;LKO_CAN;44
44545480;0.653;1;0.0;LKO_CAN;44
44546480;0.57;1;0.0;LKO_CAN;44
44549482;0.602;1;0.0;LKO_CAN;44
44550482;0.841;1;0.0;LKO_CAN;44
44552482;0.562;1;0.0;LKO_CAN;44
44552483;0.889;1;0.0;LKO_CAN;44
44552535;1.0;1;0.0;LKO_CAN;44
44553482;0.451;1;0.0;LKO_CAN;44
44554481;0.813;1;0.0;LKO_CAN;44
44554484;0.242;1;0.0;LKO_CAN;44
44555485;0.121;1;0.0;LKO_CAN;44
44560539;0.997;1;0.0;LKO_CAN;44
44562486;0.707;1;0.0;LKO_CAN;44
44563486;1.0;1;0.0;LKO_CAN;44
44565487;0.874;1;0.0;LKO_CAN;44
44567542;0.367;1;0.0;LKO_CAN;44
44570490;0.245;1;0.0;LKO_CAN;44
44572491;1.0;1;0.0;LKO_CAN;44
44573491;1.0;1;0.0;LKO_CAN;44
44575492;0.682;1;0.0;LKO_CAN;44
44581494;0.656;1;0.0;LKO_CAN;44
44582494;0.607;1;0.0;LKO_CAN;44
44584550;0.86;1;0.0;LKO_CAN;44
44591497;0.58;1;0.0;LKO_CAN;44
44596499;1.0;1;0.0;LKO_CAN;44
44600502;0.807;1;0.0;LKO_CAN;44
44602503;0.652;1;0.0;LKO_CAN;44
44605505;0.695;1;0.0;LKO_CAN;44
44606505;1.0;1;0.0;LKO_CAN;44
44610557;0.64;1;0.0;LKO_CAN;44
44613510;1.0;1;0.0;LKO_CAN;44
44616512;0.46;1;0.0;LKO_CAN;44
44619514;1.0;1;0.0;LKO_CAN;44
44637566;1.0;1;0.0;LKO_CAN;44
44649571;1.0;1;0.0;LKO_CAN;44
44693594;0.78;1;0.0;LKO_CAN;44
44756569;1.0;1;0.0;LKO_CAN;44
44757570;0.833;1;0.0;LKO_CAN;44
44759572;0.581;1;0.0;LKO_CAN;44
44773621;1.0;1;0.0;LKO_CAN;44
44778623;0.796;1;0.0;LKO_CAN;44
44779624;0.114;1;0.0;LKO_CAN;44
44781625;1.0;1;0.0;LKO_CAN;44
44784626;1.0;1;0.0;LKO_CAN;44
44786627;1.0;1;0.0;LKO_CAN;44
44816641;0.452;1;0.0;LKO_CAN;44
44817641;0.871;1;0.0;LKO_CAN;44
44820643;0.684;1;0.0;LKO_CAN;44
44825645;1.0;1;0.0;LKO_CAN;44
44834647;1.0;1;0.0;LKO_CAN;44
44836648;0.969;1;0.0;LKO_CAN;44
44853650;1.0;1;0.0;LKO_CAN;44
44855650;0.635;1;0.0;LKO_CAN;44
44856650;0.536;1;0.0;LKO_CAN;44
44878653;0.459;1;0.0;LKO_CAN;44
44879653;0.202;1;0.0;LKO_CAN;44
44883602;1.0;1;0.0;LKO_CAN;44
44887654;0.662;1;0.0;LKO_CAN;44
44895655;1.0;1;0.0;LKO_CAN;44
44896655;0.344;1;0.0;LKO_CAN;44
44953669;1.0;1;0.0;LKO_CAN;44
44955670;1.0;1;0.0;LKO_CAN;44
44958671;0.978;1;0.0;LKO_CAN;44
44959671;0.77;1;0.0;LKO_CAN;44
44963673;0.726;1;0.0;LKO_CAN;44
44964674;0.978;1;0.0;LKO_CAN;44
44965674;0.769;1;0.0;LKO_CAN;44
44967640;0.224;1;0.0;LKO_CAN;44
44972676;0.481;1;0.0;LKO_CAN;44
44975677;0.964;1;0.0;LKO_CAN;44
44977677;0.945;1;0.0;LKO_CAN;44
44982678;0.62;1;0.0;LKO_CAN;44
45000548;1.0;1;0.0;LKO_CAN;45
45001548;0.729;1;0.0;LKO_CAN;45
45002548;0.953;1;0.0;LKO_CAN;45
45010548;0.607;1;0.0;LKO_CAN;45
45014548;1.0;1;0.0;LKO_CAN;45
45016521;1.0;1;0.0;LKO_CAN;45
45018521;0.799;1;0.0;LKO_CAN;45
45054557;1.0;1;0.0;LKO_CAN;45
45074590;0.603;1;0.0;LKO_CAN;45
45075591;1.0;1;0.0;LKO_CAN;45
45076590;0.509;1;0.0;LKO_CAN;45
45078592;1.0;1;0.0;LKO_CAN;45
45079592;1.0;1;0.0;LKO_CAN;45
45081595;1.0;1;0.0;LKO_CAN;45
45081596;0.846;1;0.0;LKO_CAN;45
45082593;1.0;1;0.0;LKO_CAN;45
45082595;0.909;1;0.0;LKO_CAN;45
45082596;0.699;1;0.0;LKO_CAN;45
45083592;1.0;1;0.0;LKO_CAN;45
45083593;1.0;1;0.0;LKO_CAN;45
45083596;1.0;1;0.0;LKO_CAN;45
45083597;1.0;1;0.0;LKO_CAN;45
45084593;1.0;1;0.0;LKO_CAN;45
45084594;0.688;1;0.0;LKO_CAN;45
45084595;0.707;1;0.0;LKO_CAN;45
45084596;0.208;1;0.0;LKO_CAN;45
45084597;1.0;1;0.0;LKO_CAN;45
45085594;1.0;1;0.0;LKO_CAN;45
45085596;0.14;1;0.0;LKO_CAN;45
45085597;0.896;1;0.0;LKO_CAN;45
45086594;0.795;1;0.0;LKO_CAN;45
45086595;0.461;1;0.0;LKO_CAN;45
45086596;1.0;1;0.0;LKO_CAN;45
45086597;0.292;1;0.0;LKO_CAN;45
45086598;1.0;1;0.0;LKO_CAN;45
45087594;0.973;1;0.0;LKO_CAN;45
45087595;0.379;1;0.0;LKO_CAN;45
45087596;0.901;1;0.0;LKO_CAN;45
45087597;0.249;1;0.0;LKO_CAN;45
45087598;1.0;1;0.0;LKO_CAN;45
45088594;0.984;1;0.0;LKO_CAN;45
45088596;1.0;1;0.0;LKO_CAN;45
45088597;1.0;1;0.0;LKO_CAN;45
45088598;1.0;1;0.0;LKO_CAN;45
45089594;1.0;1;0.0;LKO_CAN;45
45089598;0.198;1;0.0;LKO_CAN;45
45089599;1.0;1;0.0;LKO_CAN;45
45090599;0.968;1;0.0;LKO_CAN;45
45091595;0.472;1;0.0;LKO_CAN;45
45091598;0.223;1;0.0;LKO_CAN;45
45091599;1.0;1;0.0;LKO_CAN;45
45092595;0.725;1;0.0;LKO_CAN;45
45092599;0.589;1;0.0;LKO_CAN;45
45092600;1.0;1;0.0;LKO_CAN;45
45093595;1.0;1;0.0;LKO_CAN;45
45093596;0.14;1;0.0;LKO_CAN;45
45093599;0.163;1;0.0;LKO_CAN;45
45094596;0.11;1;0.0;LKO_CAN;45
45094599;0.547;1;0.0;LKO_CAN;45
45095598;0.251;1;0.0;LKO_CAN;45
45095599;1.0;1;0.0;LKO_CAN;45
45096596;0.704;1;0.0;LKO_CAN;45
45096598;0.158;1;0.0;LKO_CAN;45
45096599;0.763;1;0.0;LKO_CAN;45
45097596;1.0;1;0.0;LKO_CAN;45
45097597;0.739;1;0.0;LKO_CAN;45
45097600;0.627;1;0.0;LKO_CAN;45
45097601;1.0;1;0.0;LKO_CAN;45
45098597;0.971;1;0.0;LKO_CAN;45
45098601;0.624;1;0.0;LKO_CAN;45
45099597;1.0;1;0.0;LKO_CAN;45
45099598;0.188;1;0.0;LKO_CAN;45
45100597;1.0;1;0.0;LKO_CAN;45
45100598;1.0;1;0.0;LKO_CAN;45
45101597;0.3;1;0.0;LKO_CAN;45
45101598;0.923;1;0.0;LKO_CAN;45
45101601;0.696;1;0.0;LKO_CAN;45
45102597;1.0;1;0.0;LKO_CAN;45
45102598;0.243;1;0.0;LKO_CAN;45
45103597;0.333;1;0.0;LKO_CAN;45
45103598;0.799;1;0.0;LKO_CAN;45
45103600;0.122;1;0.0;LKO_CAN;45
45103601;1.0;1;0.0;LKO_CAN;45
45104597;1.0;1;0.0;LKO_CAN;45
45104598;1.0;1;0.0;LKO_CAN;45
45104600;0.157;1;0.0;LKO_CAN;45
45104601;0.519;1;0.0;LKO_CAN;45
45105596;0.379;1;0.0;LKO_CAN;45
45105597;0.802;1;0.0;LKO_CAN;45
45105598;0.195;1;0.0;LKO_CAN;45
45106596;0.925;1;0.0;LKO_CAN;45
45108596;1.0;1;0.0;LKO_CAN;45
45109587;1.0;1;0.0;LKO_CAN;45
45109596;1.0;1;0.0;LKO_CAN;45
45110597;1.0;1;0.0;LKO_CAN;45
45110598;1.0;1;0.0;LKO_CAN;45
45111597;0.28;1;0.0;LKO_CAN;45
45111598;0.828;1;0.0;LKO_CAN;45
45113589;0.701;1;0.0;LKO_CAN;45
45120600;0.818;1;0.0;LKO_CAN;45
45121599;0.137;1;0.0;LKO_CAN;45
45122598;0.62;1;0.0;LKO_CAN;45
45122599;0.98;1;0.0;LKO_CAN;45
45123598;1.0;1;0.0;LKO_CAN;45
45123599;1.0;1;0.0;LKO_CAN;45
45124598;0.332;1;0.0;LKO_CAN;45
45124599;0.999;1;0.0;LKO_CAN;45
45124600;0.764;1;0.0;LKO_CAN;45
45125600;1.0;1;0.0;LKO_CAN;45
45126599;1.0;1;0.0;LKO_CAN;45
45126600;0.845;1;0.0;LKO_CAN;45
45127599;1.0;1;0.0;LKO_CAN;45
45127600;1.0;1;0.0;LKO_CAN;45
45128599;0.471;1;0.0;LKO_CAN;45
45128600;0.711;1;0.0;LKO_CAN;45
45129599;0.157;1;0.0;LKO_CAN;45
45129600;1.0;1;0.0;LKO_CAN;45
45130599;0.233;1;0.0;LKO_CAN;45
45131599;0.266;1;0.0;LKO_CAN;45
45132599;0.128;1;0.0;LKO_CAN;45
45134600;0.899;1;0.0;LKO_CAN;45
45141600;0.885;1;0.0;LKO_CAN;45
45142600;1.0;1;0.0;LKO_CAN;45
45143600;1.0;1;0.0;LKO_CAN;45
45153600;0.139;1;0.0;LKO_CAN;45
45157601;0.66;1;0.0;LKO_CAN;45
45158601;0.951;1;0.0;LKO_CAN;45
45160601;1.0;1;0.0;LKO_CAN;45
45175599;0.243;1;0.0;LKO_CAN;45
45175601;0.385;1;0.0;LKO_CAN;45
45177603;0.846;1;0.0;LKO_CAN;45
45182603;0.57;1;0.0;LKO_CAN;45
45182605;0.673;1;0.0;LKO_CAN;45
45183603;0.868;1;0.0;LKO_CAN;45
45183606;0.375;1;0.0;LKO_CAN;45
45185605;0.484;1;0.0;LKO_CAN;45
45186591;1.0;1;0.0;LKO_CAN;45
45186606;0.868;1;0.0;LKO_CAN;45
45188608;1.0;1;0.0;LKO_CAN;45
45188611;1.0;1;0.0;LKO_CAN;45
45191609;1.0;1;0.0;LKO_CAN;45
45191610;0.508;1;0.0;LKO_CAN;45
45192613;1.0;1;0.0;LKO_CAN;45
45193614;0.805;1;0.0;LKO_CAN;45
45194552;0.133;1;0.0;LKO_CAN;45
45195614;1.0;1;0.0;LKO_CAN;45
45196615;1.0;1;0.0;LKO_CAN;45
45197551;0.887;1;0.0;LKO_CAN;45
45198618;0.66;1;0.0;LKO_CAN;45
45199550;0.562;1;0.0;LKO_CAN;45
45200619;1.0;1;0.0;LKO_CAN;45
45203618;1.0;1;0.0;LKO_CAN;45
45204619;0.848;1;0.0;LKO_CAN;45
45204620;1.0;1;0.0;LKO_CAN;45
45206619;1.0;1;0.0;LKO_CAN;45
45207621;0.721;1;0.0;LKO_CAN;45
45209622;0.278;1;0.0;LKO_CAN;45
45210620;1.0;1;0.0;LKO_CAN;45
45211622;0.641;1;0.0;LKO_CAN;45
45212622;1.0;1;0.0;LKO_CAN;45
45213622;0.727;1;0.0;LKO_CAN;45
45214622;1.0;1;0.0;LKO_CAN;45
45219622;0.456;1;0.0;LKO_CAN;45
45223623;0.8;1;0.0;LKO_CAN;45
45224624;0.922;1;0.0;LKO_CAN;45
45224625;0.567;1;0.0;LKO_CAN;45
45225626;0.511;1;0.0;LKO_CAN;45
45227627;1.0;1;0.0;LKO_CAN;45
45230630;0.178;1;0.0;LKO_CAN;45
45231629;1.0;1;0.0;LKO_CAN;45
45231630;1.0;1;0.0;LKO_CAN;45
45232630;0.496;1;0.0;LKO_CAN;45
45232631;0.243;1;0.0;LKO_CAN;45
45233631;0.166;1;0.0;LKO_CAN;45
45233632;0.236;1;0.0;LKO_CAN;45
45233633;0.928;1;0.0;LKO_CAN;45
45233635;1.0;1;0.0;LKO_CAN;45
45234633;0.949;1;0.0;LKO_CAN;45
45234634;0.172;1;0.0;LKO_CAN;45
45234635;1.0;1;0.0;LKO_CAN;45
45235636;0.243;1;0.0;LKO_CAN;45
45235637;0.96;1;0.0;LKO_CAN;45
45236636;0.888;1;0.0;LKO_CAN;45
45236637;1.0;1;0.0;LKO_CAN;45
45236638;0.26;1;0.0;LKO_CAN;45
45236639;0.952;1;0.0;LKO_CAN;45
45237637;0.835;1;0.0;LKO_CAN;45
45237638;0.912;1;0.0;LKO_CAN;45
45237639;0.115;1;0.0;LKO_CAN;45
45238639;0.387;1;0.0;LKO_CAN;45
45238640;0.194;1;0.0;LKO_CAN;45
45238641;1.0;1;0.0;LKO_CAN;45
45241642;0.464;1;0.0;LKO_CAN;45
45241644;1.0;1;0.0;LKO_CAN;45
45241645;1.0;1;0.0;LKO_CAN;45
45242643;1.0;1;0.0;LKO_CAN;45
45242644;0.616;1;0.0;LKO_CAN;45
45242645;0.765;1;0.0;LKO_CAN;45
45243645;0.621;1;0.0;LKO_CAN;45
45243646;0.706;1;0.0;LKO_CAN;45
45243647;0.386;1;0.0;LKO_CAN;45
45244646;0.698;1;0.0;LKO_CAN;45
45244647;1.0;1;0.0;LKO_CAN;45
45245647;1.0;1;0.0;LKO_CAN;45
45245649;0.434;1;0.0;LKO_CAN;45
45246649;1.0;1;0.0;LKO_CAN;45
45247649;0.922;1;0.0;LKO_CAN;45
45248649;0.784;1;0.0;LKO_CAN;45
45248650;0.653;1;0.0;LKO_CAN;45
45249650;1.0;1;0.0;LKO_CAN;45
45249651;1.0;1;0.0;LKO_CAN;45
45250651;1.0;1;0.0;LKO_CAN;45
45355534;1.0;1;0.0;LKO_CAN;45
45397504;0.669;1;0.0;LKO_CAN;45
45463529;1.0;1;0.0;LKO_CAN;45
45464529;1.0;1;0.0;LKO_CAN;45
45478528;1.0;1;0.0;LKO_CAN;45
45479528;1.0;1;0.0;LKO_CAN;45
45480528;1.0;1;0.0;LKO_CAN;45
45481528;1.0;1;0.0;LKO_CAN;45
45482528;1.0;1;0.0;LKO_CAN;45
45482529;0.493;1;0.0;LKO_CAN;45
45485528;1.0;1;0.0;LKO_CAN;45
45486528;0.847;1;0.0;LKO_CAN;45
45487528;0.842;1;0.0;LKO_CAN;45
45488528;0.829;1;0.0;LKO_CAN;45
45489528;0.933;1;0.0;LKO_CAN;45
45496526;0.559;1;0.0;LKO_CAN;45
45514523;1.0;1;0.0;USL_CAN;45
45516510;1.0;1;0.0;USL_CAN;45
45517521;0.498;1;0.0;USL_CAN;45
45518521;0.543;1;0.0;USL_CAN;45
45938445;1.0;1;0.0;USL_CAN;45
45939444;0.558;1;0.0;USL_CAN;45
45941441;1.0;1;0.0;USL_CAN;45
45942440;0.873;1;0.0;USL_CAN;45
45942452;0.582;1;0.0;USL_CAN;45
45943439;0.754;1;0.0;USL_CAN;45
45944438;0.602;1;0.0;USL_CAN;45
45945455;1.0;1;0.0;USL_CAN;45
45956429;1.0;1;0.0;USL_CAN;45
45957430;0.931;1;0.0;USL_CAN;45
45957440;1.0;1;0.0;USL_CAN;45
45958425;0.761;1;0.0;USL_CAN;45
45959425;0.628;1;0.0;USL_CAN;45
45959426;1.0;1;0.0;USL_CAN;45
45959427;0.645;1;0.0;USL_CAN;45
45962423;1.0;1;0.0;USL_CAN;45
45966418;0.562;1;0.0;USL_CAN;45
45967417;0.511;1;0.0;USL_CAN;45
45968415;0.525;1;0.0;USL_CAN;45
45971313;1.0;1;0.0;USL_CAN;45
45971398;0.933;1;0.0;USL_CAN;45
45972314;1.0;1;0.0;USL_CAN;45
45972397;1.0;1;0.0;USL_CAN;45
45973396;0.871;1;0.0;USL_CAN;45
45974324;1.0;1;0.0;USL_CAN;45
45974325;1.0;1;0.0;USL_CAN;45
45975409;0.805;1;0.0;USL_CAN;45
45975410;0.893;1;0.0;USL_CAN;45
45976325;0.728;1;0.0;USL_CAN;45
45976408;1.0;1;0.0;USL_CAN;45
45976412;1.0;1;0.0;USL_CAN;45
45977407;0.827;1;0.0;USL_CAN;45
45979317;0.727;1;0.0;USL_CAN;45
45979320;1.0;1;0.0;USL_CAN;45
45980328;0.669;1;0.0;USL_CAN;45
45981328;0.696;1;0.0;USL_CAN;45
45984399;0.487;1;0.0;USL_CAN;45
45984400;0.586;1;0.0;USL_CAN;45
45985399;0.511;1;0.0;USL_CAN;45
45985400;0.863;1;0.0;USL_CAN;45
45986399;0.685;1;0.0;USL_CAN;45
45988396;0.349;1;0.0;USL_CAN;45
45989395;0.442;1;0.0;USL_CAN;45
45989396;0.429;1;0.0;USL_CAN;45
45989397;0.563;1;0.0;USL_CAN;45
45989399;1.0;1;0.0;USL_CAN;45
45990396;0.746;1;0.0;USL_CAN;45
45990397;0.949;1;0.0;USL_CAN;45
45991395;0.483;1;0.0;USL_CAN;45
45991396;0.919;1;0.0;USL_CAN;45
45992395;1.0;1;0.0;USL_CAN;45
45994392;0.724;1;0.0;USL_CAN;45
45995377;1.0;1;0.0;USL_CAN;45
45996389;1.0;1;0.0;USL_CAN;45
45998373;1.0;1;0.0;USL_CAN;45
45999371;0.941;1;0.0;USL_CAN;45
45999372;1.0;1;0.0;USL_CAN;45
46000401;0.621;1;0.0;USL_CAN;46
46000403;0.674;1;0.0;USL_CAN;46
46000404;0.882;1;0.0;USL_CAN;46
46000405;0.864;1;0.0;USL_CAN;46
46001400;0.944;1;0.0;USL_CAN;46
46001402;0.391;1;0.0;USL_CAN;46
46001403;0.458;1;0.0;USL_CAN;46
46001404;0.546;1;0.0;USL_CAN;46
46002399;0.437;1;0.0;USL_CAN;46
46003398;0.605;1;0.0;USL_CAN;46
46005397;0.641;1;0.0;USL_CAN;46
46006396;0.746;1;0.0;USL_CAN;46
46006397;0.817;1;0.0;USL_CAN;46
46008393;0.863;1;0.0;USL_CAN;46
46017397;0.83;1;0.0;USL_CAN;46
46021394;1.0;1;0.0;USL_CAN;46
46024392;0.821;1;0.0;USL_CAN;46
46025391;0.781;1;0.0;USL_CAN;46
46034386;0.751;1;0.0;USL_CAN;46
46038375;0.756;1;0.0;USL_CAN;46
46039375;0.568;1;0.0;USL_CAN;46
46041374;1.0;1;0.0;USL_CAN;46
46041375;0.507;1;0.0;USL_CAN;46
46043374;1.0;1;0.0;USL_CAN;46
46044374;0.83;1;0.0;USL_CAN;46
46045374;1.0;1;0.0;USL_CAN;46
46046374;1.0;1;0.0;USL_CAN;46
46047374;0.46;1;0.0;USL_CAN;46
46048374;0.545;1;0.0;USL_CAN;46
46049374;0.734;1;0.0;USL_CAN;46
46051374;0.55;1;0.0;USL_CAN;46
46053373;0.905;1;0.0;USL_CAN;46
46054373;0.5;1;0.0;USL_CAN;46
46055373;0.766;1;0.0;USL_CAN;46
46063375;0.418;1;0.0;USL_CAN;46
46066375;0.526;1;0.0;USL_CAN;46
46066376;0.378;1;0.0;USL_CAN;46
46067375;0.999;1;0.0;USL_CAN;46
46067376;1.0;1;0.0;USL_CAN;46
46068376;1.0;1;0.0;USL_CAN;46
46069375;1.0;1;0.0;USL_CAN;46
46072376;0.751;1;0.0;USL_CAN;46
46074385;0.34;1;0.0;USL_CAN;46
46075386;1.0;1;0.0;USL_CAN;46
46077387;0.714;1;0.0;USL_CAN;46
46080393;1.0;1;0.0;USL_CAN;46
46080394;1.0;1;0.0;USL_CAN;46
46081390;0.618;1;0.0;USL_CAN;46
46082391;0.762;1;0.0;USL_CAN;46
46091399;1.0;1;0.0;USL_CAN;46
46091400;1.0;1;0.0;USL_CAN;46
46092401;0.807;1;0.0;USL_CAN;46
46093402;0.887;1;0.0;USL_CAN;46
46099413;1.0;1;0.0;USL_CAN;46
46100412;0.853;1;0.0;USL_CAN;46
46100413;1.0;1;0.0;USL_CAN;46
46101412;0.557;1;0.0;USL_CAN;46
46101413;0.609;1;0.0;USL_CAN;46
46101414;1.0;1;0.0;USL_CAN;46
46102414;0.879;1;0.0;USL_CAN;46
46102415;0.927;1;0.0;USL_CAN;46
46103403;1.0;1;0.0;USL_CAN;46
46103415;0.525;1;0.0;USL_CAN;46
46103417;0.509;1;0.0;USL_CAN;46
46104417;0.375;1;0.0;USL_CAN;46
46104418;0.49;1;0.0;USL_CAN;46
46105418;0.335;1;0.0;USL_CAN;46
46106419;0.426;1;0.0;USL_CAN;46
46106421;0.43;1;0.0;USL_CAN;46
46108424;0.617;1;0.0;USL_CAN;46
46109425;0.453;1;0.0;USL_CAN;46
46115432;1.0;1;0.0;USL_CAN;46
46122438;0.545;1;0.0;USL_CAN;46
46131444;0.338;1;0.0;USL_CAN;46
46135446;1.0;1;0.0;USL_CAN;46
46135447;1.0;1;0.0;USL_CAN;46
46136446;1.0;1;0.0;USL_CAN;46
46136447;1.0;1;0.0;USL_CAN;46
46137446;1.0;1;0.0;USL_CAN;46
46137448;1.0;1;0.0;USL_CAN;46
46138447;1.0;1;0.0;USL_CAN;46
46138448;0.399;1;0.0;USL_CAN;46
46180440;1.0;1;0.0;USL_CAN;46
46196566;0.668;1;0.0;USL_CAN;46
46198569;0.784;1;0.0;USL_CAN;46
46201572;0.74;1;0.0;USL_CAN;46
46201573;0.735;1;0.0;USL_CAN;46
46204576;0.944;1;0.0;USL_CAN;46
46205577;0.602;1;0.0;USL_CAN;46
46205578;0.384;1;0.0;USL_CAN;46
46206579;1.0;1;0.0;USL_CAN;46
46208580;1.0;1;0.0;USL_CAN;46
46209581;1.0;1;0.0;USL_CAN;46
46210581;0.874;1;0.0;USL_CAN;46
46212583;0.5;1;0.0;USL_CAN;46
46213587;0.863;1;0.0;USL_CAN;46
46214590;0.824;1;0.0;USL_CAN;46
46214591;0.421;1;0.0;USL_CAN;46
46214593;0.976;1;0.0;USL_CAN;46
46215596;0.96;1;0.0;USL_CAN;46
46215597;0.533;1;0.0;USL_CAN;46
46215598;1.0;1;0.0;USL_CAN;46
46216601;1.0;1;0.0;USL_CAN;46
46217608;1.0;1;0.0;USL_CAN;46
46217609;1.0;1;0.0;USL_CAN;46
46218611;0.97;1;0.0;USL_CAN;46
46219612;0.863;1;0.0;USL_CAN;46
46221615;1.0;1;0.0;USL_CAN;46
46222616;0.837;1;0.0;USL_CAN;46
46223617;0.917;1;0.0;USL_CAN;46
46224618;1.0;1;0.0;USL_CAN;46
46228618;1.0;1;0.0;USL_CAN;46
46230619;0.695;1;0.0;USL_CAN;46
46232620;1.0;1;0.0;USL_CAN;46
46234622;0.988;1;0.0;USL_CAN;46
46235623;1.0;1;0.0;USL_CAN;46
46236624;1.0;1;0.0;USL_CAN;46
46237625;1.0;1;0.0;USL_CAN;46
46246500;0.858;1;0.0;USL_CAN;46
46261505;1.0;1;0.0;USL_CAN;46
46289511;0.522;1;0.0;USL_CAN;46
46297512;1.0;1;0.0;USL_CAN;46
46620575;0.661;1;0.0;USL_CAN;46
47338540;0.703;1;0.0;USL_CAN;47
47343556;0.996;1;0.0;USL_CAN;47
47344556;0.623;1;0.0;USL_CAN;47
47344558;0.517;1;0.0;USL_CAN;47
47412593;0.596;1;0.0;USL_CAN;47
