PT_ID;VAR1_sum;VAR2_sum;VAR3_sum;VAR1_mean;VAR2_mean;VAR3_mean
45000547;1.87;6;0.333;0.2671428571428572;0.8571428571428571;0.04757142857142858
45000548;11.47;12;1.0;0.8823076923076923;0.9230769230769231;0.07692307692307693
45000549;1.919;3;0.0;0.6396666666666667;1.0;0.0
45001548;10.968;11;0.645;0.914;0.9166666666666666;0.05375
45001549;1.9;3;0.0;0.6333333333333333;1.0;0.0
45002546;0.333;0;0.333;0.333;0.0;0.333
45002548;10.579;10;0.891;0.9617272727272728;0.9090909090909091;0.081
45002549;8.002;9;0.0;0.8891111111111112;1.0;0.0
45003548;3.727;8;0.0;0.465875;1.0;0.0
45003549;4.866;8;0.0;0.60825;1.0;0.0
45003550;0.397;1;0.0;0.397;1.0;0.0
45004546;0.904;0;0.904;0.904;0.0;0.904
45004547;0.763;1;0.0;0.763;1.0;0.0
45004548;3.94;9;0.0;0.43777777777777777;1.0;0.0
45004549;0.521;1;0.0;0.521;1.0;0.0
45005548;2.042;3;0.0;0.6806666666666666;1.0;0.0
45006548;7.057;8;0.0;0.882125;1.0;0.0
45007548;9.317;10;0.0;0.9317;1.0;0.0
45008548;1.97;3;0.0;0.6566666666666666;1.0;0.0
45010519;0.748;1;0.0;0.748;1.0;0.0
45010548;0.607;1;0.0;0.607;1.0;0.0
45011548;9.537;9;1.653;0.8670000000000001;0.8181818181818182;0.15027272727272728
45012548;3.3;4;0.0;0.825;1.0;0.0
45013520;1.0;1;0.0;1.0;1.0;0.0
45014521;0.575;1;0.0;0.575;1.0;0.0
45014548;10.095;10;1.0;0.9177272727272728;0.9090909090909091;0.09090909090909091
45015521;3.582;5;0.0;0.7163999999999999;1.0;0.0
45016521;11.299;12;1.0;0.8691538461538462;0.9230769230769231;0.07692307692307693
45017521;23.071;18;10.87;0.6785588235294118;0.5294117647058824;0.3197058823529412
45018521;13.507;17;1.801;0.67535;0.85;0.09004999999999999
45018522;3.35;0;3.35;0.2576923076923077;0.0;0.2576923076923077
45023522;7.8500000000000005;16;4.1240000000000006;0.2532258064516129;0.5161290322580645;0.13303225806451616
45024522;10.144;16;5.724;0.2601025641025641;0.41025641025641024;0.14676923076923076
45024523;0.719;4;0.142;0.14379999999999998;0.8;0.028399999999999998
45032549;4.0809999999999995;5;0.0;0.8161999999999999;1.0;0.0
45034524;19.903000000000002;4;18.785;0.3262786885245902;0.06557377049180328;0.30795081967213117
45034525;1.7610000000000001;0;1.7610000000000001;0.19566666666666668;0.0;0.19566666666666668
45034526;0.333;0;0.333;0.333;0.0;0.333
45035525;15.812000000000001;2;15.146;0.31624;0.04;0.30292
45035549;4.995;0;4.995;0.333;0.0;0.333
45036525;11.368;12;1.656;0.7578666666666667;0.8;0.1104
45036526;0.359;0;0.359;0.359;0.0;0.359
45038526;2.331;0;2.331;0.333;0.0;0.333
45043528;0.152;0;0.152;0.152;0.0;0.152
45044528;0.315;0;0.315;0.315;0.0;0.315
45051555;0.149;0;0.149;0.149;0.0;0.149
45054557;2.417;2;1.0;0.8056666666666666;0.6666666666666666;0.3333333333333333
45057558;34.608;6;30.116;0.8440975609756097;0.14634146341463414;0.7345365853658536
45058558;8.19;1;7.385;0.63;0.07692307692307693;0.568076923076923
45058559;17.825;17;3.1790000000000003;0.8488095238095238;0.8095238095238095;0.1513809523809524
45059559;1.0;1;0.0;1.0;1.0;0.0
45060560;17.34;17;2.732;0.867;0.85;0.1366
45061534;0.785;0;0.785;0.13083333333333333;0.0;0.13083333333333333
45061560;9.391;1;9.202;0.2086888888888889;0.022222222222222223;0.2044888888888889
45063535;6.0760000000000005;12;3.5300000000000002;0.24304000000000003;0.48;0.14120000000000002
45064536;0.159;0;0.159;0.159;0.0;0.159
45064561;2.594;0;2.594;0.15258823529411764;0.0;0.15258823529411764
45065536;6.524;4;5.38;0.2718333333333333;0.16666666666666666;0.22416666666666665
45067586;10.657;11;0.0;0.9688181818181818;1.0;0.0
45068587;0.823;1;0.0;0.823;1.0;0.0
45070588;0.775;1;0.0;0.775;1.0;0.0
45071591;0.351;1;0.0;0.351;1.0;0.0
45072591;0.763;1;0.0;0.763;1.0;0.0
45072592;1.449;2;0.0;0.7245;1.0;0.0
45073590;3.423;5;0.0;0.6846;1.0;0.0
45073591;0.393;1;0.0;0.393;1.0;0.0
45073592;6.282;8;0.0;0.78525;1.0;0.0
45074588;1.463;2;0.0;0.7315;1.0;0.0
45074590;11.371;12;0.0;0.9475833333333333;1.0;0.0
45074591;7.261;9;0.0;0.8067777777777778;1.0;0.0
45074592;9.872;10;0.0;0.9872;1.0;0.0
45075590;10.801;11;0.0;0.981909090909091;1.0;0.0
45075591;12.042;13;1.0;0.8601428571428571;0.9285714285714286;0.07142857142857142
45076590;11.317;12;0.0;0.9430833333333334;1.0;0.0
45078592;11.585;13;1.0;0.8275;0.9285714285714286;0.07142857142857142
45079592;12.323;16;1.108;0.6846111111111112;0.8888888888888888;0.06155555555555556
45079593;10.521;11;0.0;0.9564545454545456;1.0;0.0
45080593;5.8309999999999995;7;0.0;0.833;1.0;0.0
45081595;12.092;12;0.757;0.9301538461538462;0.9230769230769231;0.05823076923076923
45081596;13.431000000000001;16;1.9340000000000002;0.7461666666666668;0.8888888888888888;0.10744444444444445
45082593;11.701;15;1.0;0.7313125;0.9375;0.0625
45082594;15.576;18;2.54;0.7080000000000001;0.8181818181818182;0.11545454545454546
45082595;12.943;18;1.287;0.64715;0.9;0.06434999999999999
45082596;14.283;15;1.9929999999999999;0.7935;0.8333333333333334;0.11072222222222222
45082597;9.509;10;0.0;0.9509000000000001;1.0;0.0
45083592;11.619;13;1.0;0.8299285714285715;0.9285714285714286;0.07142857142857142
45083593;12.097;12;0.851;0.9305384615384615;0.9230769230769231;0.06546153846153846
45083594;5.57;18;2.175;0.18566666666666667;0.6;0.0725
45083595;10.693;11;0.0;0.972090909090909;1.0;0.0
45083596;12.197;13;1.0;0.8712142857142856;0.9285714285714286;0.07142857142857142
45083597;11.869;13;1.0;0.8477857142857143;0.9285714285714286;0.07142857142857142
45084592;9.58;10;0.0;0.958;1.0;0.0
45084593;12.091;12;0.779;0.930076923076923;0.9230769230769231;0.059923076923076926
45084594;13.54;15;2.025;0.7522222222222221;0.8333333333333334;0.11249999999999999
45084595;15.391;16;2.794;0.8100526315789474;0.8421052631578947;0.14705263157894738
45084596;9.61;17;1.1400000000000001;0.5057894736842105;0.8947368421052632;0.060000000000000005
45084597;12.366;13;1.0;0.8832857142857142;0.9285714285714286;0.07142857142857142
45085572;0.333;0;0.333;0.333;0.0;0.333
45085592;2.596;4;0.0;0.649;1.0;0.0
45085593;9.649000000000001;10;0.0;0.9649000000000001;1.0;0.0
45085594;11.71;15;1.0;0.731875;0.9375;0.0625
45085595;22.823;18;9.447;0.736225806451613;0.5806451612903226;0.30474193548387096
45085596;7.332;14;0.574;0.43129411764705883;0.8235294117647058;0.03376470588235294
45085597;13.209;17;1.1909999999999998;0.6952105263157895;0.8947368421052632;0.06268421052631579
45085598;9.209;10;0.0;0.9208999999999999;1.0;0.0
45086593;10.606;11;0.0;0.9641818181818181;1.0;0.0
45086594;14.674;17;2.443;0.7337;0.85;0.12215000000000001
45086595;15.756;14;2.5170000000000003;0.8753333333333333;0.7777777777777778;0.13983333333333337
45086596;12.032;16;1.0;0.707764705882353;0.9411764705882353;0.058823529411764705
45086597;10.075;17;1.208;0.5302631578947368;0.8947368421052632;0.06357894736842105
45086598;12.405;13;1.0;0.8860714285714285;0.9285714285714286;0.07142857142857142
45087573;0.333;0;0.333;0.333;0.0;0.333
45087593;1.0;1;0.0;1.0;1.0;0.0
45087594;13.291;17;1.262;0.6995263157894737;0.8947368421052632;0.06642105263157895
45087595;14.346;16;2.323;0.7173;0.8;0.11615
45087596;12.19;18;1.279;0.6094999999999999;0.9;0.06394999999999999
45087597;10.298;16;1.2309999999999999;0.5721111111111111;0.8888888888888888;0.06838888888888889
45087598;12.404;13;1.0;0.886;0.9285714285714286;0.07142857142857142
45088550;0.301;0;0.301;0.301;0.0;0.301
45088593;2.664;4;0.0;0.666;1.0;0.0
45088594;13.222;17;1.245;0.6958947368421052;0.8947368421052632;0.0655263157894737
45088595;15.465;17;2.618;0.7364285714285714;0.8095238095238095;0.12466666666666666
45088596;12.437;16;1.159;0.6909444444444444;0.8888888888888888;0.06438888888888888
45088597;13.118;17;1.218;0.6904210526315789;0.8947368421052632;0.06410526315789473
45088598;12.344;13;1.0;0.8817142857142857;0.9285714285714286;0.07142857142857142
45089550;8.163;6;3.617;0.6279230769230769;0.46153846153846156;0.2782307692307692
45089593;1.4889999999999999;2;0.0;0.7444999999999999;1.0;0.0
45089594;12.352;13;1.0;0.8822857142857143;0.9285714285714286;0.07142857142857142
45089595;16.493;16;2.925;0.7853809523809523;0.7619047619047619;0.1392857142857143
45089596;13.254999999999999;8;11.344999999999999;0.24546296296296294;0.14814814814814814;0.21009259259259258
45089597;17.182;16;2.8970000000000002;0.8181904761904761;0.7619047619047619;0.13795238095238097
45089598;11.731;14;2.056;0.6900588235294117;0.8235294117647058;0.12094117647058823
45089599;12.405;13;1.0;0.8860714285714285;0.9285714285714286;0.07142857142857142
45090593;1.0;1;0.0;1.0;1.0;0.0
45090594;10.666;11;0.0;0.9696363636363636;1.0;0.0
45090595;17.304;17;2.646;0.824;0.8095238095238095;0.126
45090596;9.025;16;1.3559999999999999;0.4297619047619048;0.7619047619047619;0.06457142857142857
45090597;16.75;15;2.795;0.8375;0.75;0.13974999999999999
45090598;8.131;9;0.0;0.9034444444444445;1.0;0.0
45090599;13.95;17;1.917;0.7342105263157894;0.8947368421052632;0.10089473684210526
45091594;9.672;10;0.0;0.9672000000000001;1.0;0.0
45091595;16.52;14;3.239;0.9177777777777778;0.7777777777777778;0.17994444444444443
45091596;5.556;15;1.938;0.24156521739130435;0.6521739130434783;0.08426086956521739
45091597;17.821;17;3.9259999999999997;0.7748260869565218;0.7391304347826086;0.17069565217391303
45091598;12.028;17;1.8519999999999999;0.6014;0.85;0.09259999999999999
45091599;11.988;13;1.0;0.8562857142857142;0.9285714285714286;0.07142857142857142
45092576;0.333;0;0.333;0.333;0.0;0.333
45092594;1.499;2;0.0;0.7495;1.0;0.0
45092595;15.493;17;2.7199999999999998;0.7746500000000001;0.85;0.13599999999999998
45092596;5.922;16;2.3040000000000003;0.21933333333333332;0.5925925925925926;0.08533333333333334
45092597;15.075999999999999;5;13.887;0.2393015873015873;0.07936507936507936;0.22042857142857145
45092598;5.569;18;1.434;0.23204166666666667;0.75;0.05975
45092599;15.563;15;3.487;0.8191052631578948;0.7894736842105263;0.18352631578947368
45092600;12.176;13;1.0;0.8697142857142858;0.9285714285714286;0.07142857142857142
45093595;11.636;13;1.0;0.8311428571428571;0.9285714285714286;0.07142857142857142
45093596;12.41;15;2.558;0.6531578947368422;0.7894736842105263;0.1346315789473684
45093597;10.169;14;6.805;0.22597777777777778;0.3111111111111111;0.1512222222222222
45093598;6.015;18;0.887;0.2734090909090909;0.8181818181818182;0.040318181818181816
45093599;11.949;15;2.716;0.6288947368421053;0.7894736842105263;0.14294736842105263
45093600;10.359;11;0.0;0.9417272727272727;1.0;0.0
45094595;8.068;9;0.0;0.8964444444444444;1.0;0.0
45094596;4.955;16;0.861;0.24775;0.8;0.04305
45094597;6.401;16;2.722;0.21336666666666665;0.5333333333333333;0.09073333333333333
45094598;7.722;18;1.8860000000000001;0.32175000000000004;0.75;0.07858333333333334
45094599;11.341000000000001;12;0.0;0.9450833333333334;1.0;0.0
45095595;1.978;3;0.0;0.6593333333333333;1.0;0.0
45095596;17.205;16;2.926;0.8192857142857142;0.7619047619047619;0.13933333333333334
45095597;5.925;17;0.9219999999999999;0.28214285714285714;0.8095238095238095;0.043904761904761905
45095598;12.357;17;1.943;0.61785;0.85;0.09715
45095599;11.295;13;1.0;0.8067857142857143;0.9285714285714286;0.07142857142857142
45096595;7.156000000000001;9;0.0;0.7951111111111112;1.0;0.0
45096596;15.046;15;2.793;0.8358888888888889;0.8333333333333334;0.15516666666666667
45096597;9.621;16;1.357;0.4581428571428572;0.7619047619047619;0.06461904761904762
45096598;12.339;14;2.591;0.6855;0.7777777777777778;0.14394444444444446
45096599;15.061;17;2.567;0.75305;0.85;0.12835000000000002
45096600;10.854;11;0.0;0.9867272727272727;1.0;0.0
45096601;0.796;1;0.0;0.796;1.0;0.0
45097578;2.8890000000000002;0;2.8890000000000002;0.9630000000000001;0.0;0.9630000000000001
45097595;0.512;1;0.0;0.512;1.0;0.0
45097596;12.073;12;0.9;0.9286923076923077;0.9230769230769231;0.06923076923076923
45097597;13.987;17;1.996;0.69935;0.85;0.0998
45097598;6.055;14;2.718;0.21625;0.5;0.09707142857142857
45097599;11.9;15;2.482;0.595;0.75;0.12410000000000002
45097600;14.501;14;2.717;0.853;0.8235294117647058;0.1598235294117647
45097601;11.298;13;1.0;0.807;0.9285714285714286;0.07142857142857142
45098579;7.627;0;7.627;0.6933636363636363;0.0;0.6933636363636363
45098596;0.859;1;0.0;0.859;1.0;0.0
45098597;13.873;17;1.888;0.7301578947368421;0.8947368421052632;0.09936842105263158
45098598;10.166;14;6.802;0.22591111111111112;0.3111111111111111;0.15115555555555554
45098599;11.780999999999999;16;8.439;0.2265576923076923;0.3076923076923077;0.16228846153846155
45098600;13.116;9;11.057;0.24288888888888888;0.16666666666666666;0.20475925925925928
45098601;14.834;15;2.714;0.8241111111111111;0.8333333333333334;0.1507777777777778
45099596;0.423;1;0.0;0.423;1.0;0.0
45099597;12.068;12;0.663;0.9283076923076923;0.9230769230769231;0.051000000000000004
45099598;11.644;14;2.025;0.6849411764705883;0.8235294117647058;0.11911764705882352
45099599;14.035;5;12.85;0.24198275862068966;0.08620689655172414;0.22155172413793103
45099600;9.337;15;5.833;0.22773170731707315;0.36585365853658536;0.14226829268292684
45099601;49.761;6;45.136;0.8025967741935485;0.0967741935483871;0.7280000000000001
45100595;2.549;4;0.0;0.63725;1.0;0.0
45100596;1.396;2;0.0;0.698;1.0;0.0
45100597;12.065999999999999;12;0.569;0.9281538461538461;0.9230769230769231;0.04376923076923077
45100598;11.682;13;1.0;0.8344285714285714;0.9285714285714286;0.07142857142857142
45100599;21.538;18;8.341;0.6947741935483871;0.5806451612903226;0.26906451612903226
45100600;9.774000000000001;16;5.585;0.2572105263157895;0.42105263157894735;0.1469736842105263
45100601;39.252;18;26.093;0.7548461538461539;0.34615384615384615;0.5017884615384616
45101595;4.49;5;0.0;0.898;1.0;0.0
45101596;7.133;9;0.0;0.7925555555555556;1.0;0.0
45101597;4.766;18;0.663;0.2383;0.9;0.03315
45101598;13.305;17;1.333;0.7002631578947368;0.8947368421052632;0.0701578947368421
45101599;6.639;16;2.539;0.25534615384615383;0.6153846153846154;0.09765384615384616
45101600;13.979;17;3.956;0.5824583333333333;0.7083333333333334;0.16483333333333333
45101601;15.054;15;2.785;0.8363333333333334;0.8333333333333334;0.15472222222222223
45102595;6.9830000000000005;9;0.0;0.775888888888889;1.0;0.0
45102596;9.327;10;0.0;0.9327;1.0;0.0
45102597;10.032;15;1.147;0.5901176470588235;0.8823529411764706;0.06747058823529412
45102598;12.362;17;2.035;0.6181;0.85;0.10175000000000001
45102599;8.221;16;4.466;0.24179411764705883;0.47058823529411764;0.1313529411764706
45102600;8.461;16;2.012;0.36786956521739134;0.6956521739130435;0.08747826086956521
45102601;0.541;1;0.0;0.541;1.0;0.0
45103595;6.912;9;0.0;0.768;1.0;0.0
45103596;8.301;9;0.0;0.9223333333333333;1.0;0.0
45103597;4.046;15;0.466;0.23800000000000002;0.8823529411764706;0.027411764705882354
45103598;13.201;17;1.7510000000000001;0.66005;0.85;0.08755
45103599;6.51;15;2.306;0.27125;0.625;0.09608333333333334
45103600;11.833;16;2.368;0.5634761904761905;0.7619047619047619;0.11276190476190476
45103601;12.38;13;1.0;0.8842857142857143;0.9285714285714286;0.07142857142857142
45104595;1.499;2;0.0;0.7495;1.0;0.0
45104596;10.625;11;0.0;0.9659090909090909;1.0;0.0
45104597;9.28;13;0.333;0.6628571428571428;0.9285714285714286;0.02378571428571429
45104598;11.888;15;1.137;0.6992941176470588;0.8823529411764706;0.06688235294117648
45104599;24.469;17;13.844;0.6796944444444445;0.4722222222222222;0.38455555555555554
45104600;12.324;14;2.581;0.6846666666666666;0.7777777777777778;0.1433888888888889
45104601;16.562;15;3.348;0.8716842105263158;0.7894736842105263;0.17621052631578946
45105595;8.082;9;0.0;0.8980000000000001;1.0;0.0
45105596;11.212;12;0.0;0.9343333333333333;1.0;0.0
45105597;14.806;18;2.404;0.705047619047619;0.8571428571428571;0.11447619047619047
45105598;11.856;15;2.8150000000000004;0.624;0.7894736842105263;0.14815789473684213
45105599;33.892;15;21.88;0.7367826086956523;0.32608695652173914;0.47565217391304343
45105600;6.329000000000001;18;1.6400000000000001;0.2637083333333334;0.75;0.06833333333333334
45105601;20.966;14;9.315;0.7487857142857143;0.5;0.33267857142857143
45106595;9.394;10;0.0;0.9394;1.0;0.0
45106596;11.971;12;0.475;0.9208461538461539;0.9230769230769231;0.036538461538461534
45106597;22.492;18;9.419;0.7255483870967743;0.5806451612903226;0.3038387096774194
45106598;7.259;17;2.883;0.25031034482758624;0.5862068965517241;0.09941379310344828
45106599;15.42;6;13.811;0.28036363636363637;0.10909090909090909;0.2511090909090909
45106600;6.343;15;2.201;0.2757826086956522;0.6521739130434783;0.09569565217391304
45106601;20.988;14;9.295;0.7495714285714286;0.5;0.3319642857142857
45107585;14.8;1;14.377;0.3609756097560976;0.024390243902439025;0.3506585365853659
45107596;10.622;11;0.0;0.9656363636363636;1.0;0.0
45107597;23.244;17;11.666;0.6836470588235294;0.5;0.3431176470588235
45107598;7.133;16;2.881;0.25475;0.5714285714285714;0.10289285714285713
45107599;27.589;17;14.854000000000001;0.7260263157894736;0.4473684210526316;0.3908947368421053
45107600;14.695;11;11.929;0.2721296296296296;0.2037037037037037;0.2209074074074074
45107601;17.8;17;3.083;0.8476190476190476;0.8095238095238095;0.1468095238095238
45108595;1.0;1;0.0;1.0;1.0;0.0
45108596;11.933;13;1.0;0.8523571428571428;0.9285714285714286;0.07142857142857142
45108597;9.982;15;1.4780000000000002;0.4991;0.75;0.07390000000000001
45108598;6.457;15;2.249;0.2690416666666667;0.625;0.09370833333333334
45108599;8.530000000000001;18;4.378;0.24371428571428574;0.5142857142857142;0.1250857142857143
45108600;14.47;12;11.475;0.26796296296296296;0.2222222222222222;0.2125
45108601;18.926000000000002;18;4.939;0.7885833333333334;0.75;0.20579166666666668
45109587;1.79;3;0.0;0.5966666666666667;1.0;0.0
45109596;12.127;13;1.0;0.8662142857142857;0.9285714285714286;0.07142857142857142
45109597;17.329;15;3.4;0.86645;0.75;0.16999999999999998
45109598;5.752000000000001;15;1.117;0.2876;0.75;0.05585
45109599;29.633;14;18.395;0.740825;0.35;0.459875
45109600;9.213000000000001;17;5.132;0.24900000000000003;0.4594594594594595;0.13870270270270268
45109601;36.165;16;23.617;0.769468085106383;0.3404255319148936;0.5024893617021277
45110596;0.728;1;0.0;0.728;1.0;0.0
45110597;12.053;12;0.641;0.9271538461538462;0.9230769230769231;0.04930769230769231
45110598;12.084;13;1.0;0.8631428571428571;0.9285714285714286;0.07142857142857142
45110599;16.555;16;2.968;0.7883333333333333;0.7619047619047619;0.14133333333333334
45110600;11.623000000000001;14;7.7780000000000005;0.2582888888888889;0.3111111111111111;0.17284444444444447
45110601;20.647;14;9.007;0.7373928571428571;0.5;0.3216785714285714
45111588;8.688;9;0.0;0.9653333333333334;1.0;0.0
45111597;10.411;16;1.263;0.5783888888888888;0.8888888888888888;0.07016666666666665
45111598;13.729;16;2.295;0.722578947368421;0.8421052631578947;0.12078947368421052
45111599;20.508;14;8.998;0.7324285714285714;0.5;0.32135714285714284
45111600;15.867;5;14.55;0.2735689655172414;0.08620689655172414;0.25086206896551727
45111601;32.696;14;20.884;0.7603720930232558;0.32558139534883723;0.48567441860465116
45112597;6.515000000000001;15;2.536;0.2606;0.6;0.10144
45112598;8.693999999999999;14;3.704;0.36224999999999996;0.5833333333333334;0.15433333333333335
45112599;21.122;15;9.005;0.7283448275862069;0.5172413793103449;0.31051724137931036
45112600;17.924;3;16.925;0.2938360655737705;0.04918032786885246;0.2774590163934426
45112601;44.403;8;37.985;0.8222777777777778;0.14814814814814814;0.7034259259259259
45113589;9.602;8;2.0;0.9602;0.8;0.2
45113597;6.415;14;2.5500000000000003;0.26729166666666665;0.5833333333333334;0.10625000000000001
45113598;19.948;16;7.535;0.7388148148148148;0.5925925925925926;0.2790740740740741
45113599;28.583;17;15.853;0.7521842105263158;0.4473684210526316;0.41718421052631577
45113600;14.026;12;11.012;0.2597407407407407;0.2222222222222222;0.20392592592592593
45113601;39.065;18;26.023;0.75125;0.34615384615384615;0.5004423076923077
45114597;9.027000000000001;17;5.096;0.243972972972973;0.4594594594594595;0.13772972972972974
45114598;19.229;15;7.297;0.76916;0.6;0.29188
45114599;27.089;17;15.373;0.7321351351351351;0.4594594594594595;0.41548648648648645
45114600;10.13;14;6.3790000000000004;0.25974358974358974;0.358974358974359;0.1635641025641026
45114601;30.566;15;18.394;0.76415;0.375;0.45985
45115590;3.2520000000000002;9;1.5710000000000002;0.21680000000000002;0.6;0.10473333333333334
45115597;17.376;5;16.008;0.2715;0.078125;0.250125
45115598;28.584;17;15.856;0.7522105263157894;0.4473684210526316;0.41726315789473684
45115599;35.569;16;22.984;0.7567872340425532;0.3404255319148936;0.48902127659574474
45115600;13.634;15;9.916;0.25724528301886795;0.2830188679245283;0.18709433962264152
45115601;52.221;3;49.221;0.8560819672131147;0.04918032786885246;0.8069016393442623
45116590;6.974;5;5.788;0.2582962962962963;0.18518518518518517;0.21437037037037038
45116597;19.785;2;19.119;0.30438461538461536;0.03076923076923077;0.2941384615384615
45116598;49.345;2;47.345;0.8507758620689655;0.034482758620689655;0.8162931034482759
45116599;58.554;2;56.554;0.9008307692307692;0.03076923076923077;0.8700615384615384
45116600;18.913;2;18.247;0.3002063492063492;0.031746031746031744;0.28963492063492063
45116601;54.919;2;52.919;0.8857903225806452;0.03225806451612903;0.853532258064516
45117590;6.326;0;6.326;0.28754545454545455;0.0;0.28754545454545455
45117591;1.2999999999999998;3;0.0;0.4333333333333333;1.0;0.0
45117597;19.411;2;18.745;0.29863076923076926;0.03076923076923077;0.2883846153846154
45117598;15.770000000000001;0;15.770000000000001;0.3032692307692308;0.0;0.3032692307692308
45117599;51.364;5;47.15;0.8284516129032258;0.08064516129032258;0.760483870967742
45117600;17.538;4;16.254;0.2875081967213115;0.06557377049180328;0.26645901639344266
45117601;53.485;3;50.485;0.8768032786885246;0.04918032786885246;0.8276229508196721
45118597;17.589000000000002;3;16.59;0.288344262295082;0.04918032786885246;0.2719672131147541
45118598;19.758000000000003;2;19.092000000000002;0.3039692307692308;0.03076923076923077;0.293723076923077
45118599;49.317;6;44.743;0.7954354838709677;0.0967741935483871;0.7216612903225806
45118600;17.0;5;15.663;0.27419354838709675;0.08064516129032258;0.25262903225806455
45118601;51.92;3;48.92;0.8653333333333334;0.05;0.8153333333333334
45119597;19.792;2;19.126;0.30449230769230773;0.03076923076923077;0.2942461538461539
45119598;19.591;2;18.925;0.3014;0.03076923076923077;0.29115384615384615
45119599;9.108;16;5.171;0.253;0.4444444444444444;0.1436388888888889
45119600;15.950000000000001;5;14.610000000000001;0.275;0.08620689655172414;0.25189655172413794
45119601;16.676000000000002;12;7.821;0.6670400000000001;0.48;0.31284
45120597;19.816000000000003;2;19.150000000000002;0.3048615384615385;0.03076923076923077;0.29461538461538467
45120598;11.950000000000001;16;7.823;0.2542553191489362;0.3404255319148936;0.1664468085106383
45120599;11.883000000000001;14;8.263;0.25832608695652176;0.30434782608695654;0.1796304347826087
45120600;14.503;18;2.334;0.6906190476190476;0.8571428571428571;0.11114285714285714
45121597;19.095;2;18.429000000000002;0.298359375;0.03125;0.28795312500000003
45121598;4.957;12;1.651;0.26089473684210523;0.631578947368421;0.08689473684210526
45121599;11.872;16;2.11;0.5936;0.8;0.1055
45121600;6.943;9;0.0;0.7714444444444444;1.0;0.0
45122596;10.872;15;6.822;0.25885714285714284;0.35714285714285715;0.16242857142857142
45122597;17.527;4;16.246000000000002;0.28732786885245903;0.06557377049180328;0.26632786885245907
45122598;13.802;14;2.048;0.8118823529411765;0.8235294117647058;0.12047058823529412
45122599;13.727;17;1.839;0.7224736842105264;0.8947368421052632;0.09678947368421052
45123596;6.509;15;2.529;0.26036000000000004;0.6;0.10116
45123597;6.884;14;3.083;0.24585714285714286;0.5;0.11010714285714286
45123598;12.031;12;0.973;0.9254615384615386;0.9230769230769231;0.07484615384615384
45123599;12.039;12;0.933;0.926076923076923;0.9230769230769231;0.07176923076923078
45124595;7.619;18;3.209;0.2457741935483871;0.5806451612903226;0.10351612903225807
45124596;6.073;16;1.6800000000000002;0.27604545454545454;0.7272727272727273;0.07636363636363637
45124597;6.484;16;2.177;0.27016666666666667;0.6666666666666666;0.09070833333333334
45124598;7.644;17;0.587;0.40231578947368424;0.8947368421052632;0.030894736842105263
45124599;12.4;17;1.251;0.6526315789473685;0.8947368421052632;0.06584210526315788
45124600;14.312;17;1.884;0.7156;0.85;0.09419999999999999
45125599;15.395999999999999;16;2.933;0.7331428571428571;0.7619047619047619;0.13966666666666666
45125600;12.062;15;1.183;0.7095294117647059;0.8823529411764706;0.06958823529411765
45126599;9.314;9;0.661;0.9314;0.9;0.0661
45126600;11.856;12;0.381;0.912;0.9230769230769231;0.02930769230769231
45127599;10.443999999999999;15;1.13;0.6143529411764705;0.8823529411764706;0.06647058823529411
45127600;12.038;12;0.629;0.926;0.9230769230769231;0.04838461538461539
45128599;11.283;12;0.0;0.9402499999999999;1.0;0.0
45128600;11.429;12;0.0;0.9524166666666667;1.0;0.0
45129599;12.986;14;2.589;0.7214444444444444;0.7777777777777778;0.14383333333333334
45129600;11.600999999999999;15;1.0;0.7250624999999999;0.9375;0.0625
45130599;11.325;15;2.121;0.6291666666666667;0.8333333333333334;0.11783333333333333
45131599;7.489;12;1.1480000000000001;0.49926666666666664;0.8;0.07653333333333334
45132598;0.493;0;0.493;0.16433333333333333;0.0;0.16433333333333333
45132599;4.674;14;0.634;0.292125;0.875;0.039625
45133597;0.181;0;0.181;0.181;0.0;0.181
45133599;6.422000000000001;13;2.81;0.25688;0.52;0.1124
45134597;0.25;0;0.25;0.25;0.0;0.25
45134598;0.163;0;0.163;0.163;0.0;0.163
45134599;2.427;7;0.333;0.303375;0.875;0.041625
45134600;10.079;10;0.488;0.9162727272727273;0.9090909090909091;0.04436363636363636
45135598;0.141;0;0.141;0.141;0.0;0.141
45135599;18.639;2;17.993000000000002;0.3213620689655172;0.034482758620689655;0.31022413793103454
45135600;35.963;16;24.554;0.7339387755102041;0.32653061224489793;0.5011020408163265
45136599;17.054000000000002;2;16.402;0.3279615384615385;0.038461538461538464;0.3154230769230769
45136600;40.345;6;36.22;0.6507258064516129;0.0967741935483871;0.5841935483870968
45137599;9.09;10;6.808;0.26735294117647057;0.29411764705882354;0.20023529411764707
45139600;3.0020000000000002;3;1.0;0.7505000000000001;0.75;0.25
45140600;16.292;16;4.2780000000000005;0.7083478260869566;0.6956521739130435;0.18600000000000003
45141600;7.289;7;0.404;0.911125;0.875;0.0505
45142599;9.916;1;9.665000000000001;0.28331428571428574;0.02857142857142857;0.2761428571428572
45142600;10.094999999999999;10;1.0;0.9177272727272726;0.9090909090909091;0.09090909090909091
45143600;6.424;6;1.572;0.803;0.75;0.1965
45145600;0.353;1;0.0;0.353;1.0;0.0
45153599;0.9990000000000001;0;0.9990000000000001;0.333;0.0;0.333
45153600;9.843;13;1.0;0.7030714285714286;0.9285714285714286;0.07142857142857142
45154599;0.228;0;0.228;0.228;0.0;0.228
45154600;5.515;14;1.694;0.27575;0.7;0.0847
45155600;4.0;3;1.0;1.0;0.75;0.25
45156600;2.112;3;0.0;0.7040000000000001;1.0;0.0
45157601;13.563;13;2.0940000000000003;0.8476875;0.8125;0.13087500000000002
45158601;13.827;17;1.9569999999999999;0.7277368421052631;0.8947368421052632;0.103
45159601;9.846;10;0.0;0.9846;1.0;0.0
45160601;12.017;12;0.873;0.9243846153846154;0.9230769230769231;0.06715384615384615
45161570;0.932;1;0.0;0.932;1.0;0.0
45161601;15.303;16;2.891;0.7287142857142858;0.7619047619047619;0.13766666666666666
45163600;9.395;1;9.214;0.19572916666666665;0.020833333333333332;0.19195833333333334
45170600;0.761;1;0.0;0.761;1.0;0.0
45171600;10.684;11;0.0;0.9712727272727272;1.0;0.0
45172600;12.381;16;6.046;0.3346216216216216;0.43243243243243246;0.1634054054054054
45173600;6.944;14;3.082;0.248;0.5;0.11007142857142857
45174600;11.521;14;7.721;0.25602222222222226;0.3111111111111111;0.17157777777777777
45175598;0.964;0;0.964;0.1205;0.0;0.1205
45175599;9.826;15;1.2200000000000002;0.5780000000000001;0.8823529411764706;0.07176470588235295
45175601;16.872;16;3.0;0.8436;0.8;0.15
45175602;5.602;7;0.0;0.8002857142857144;1.0;0.0
45176600;6.527;17;2.815;0.21756666666666666;0.5666666666666667;0.09383333333333334
45176601;21.184;6;18.967000000000002;0.34167741935483875;0.0967741935483871;0.3059193548387097
45176602;17.744;16;5.31;0.7714782608695652;0.6956521739130435;0.2308695652173913
45177602;55.309;2;53.311;0.8509076923076923;0.03076923076923077;0.8201692307692308
45177603;13.333;16;1.9409999999999998;0.7407222222222223;0.8888888888888888;0.10783333333333332
45178602;55.705;2;53.900999999999996;0.8984677419354838;0.03225806451612903;0.8693709677419355
45178603;54.166;2;52.166;0.8333230769230768;0.03076923076923077;0.8025538461538461
45178604;3.807;5;0.0;0.7614;1.0;0.0
45179603;58.966;2;56.966;0.9071692307692308;0.03076923076923077;0.8764000000000001
45179604;18.489;18;4.438;0.770375;0.75;0.18491666666666665
45180562;0.283;0;0.283;0.283;0.0;0.283
45180603;6.339;0;6.339;0.22639285714285715;0.0;0.22639285714285715
45180604;43.698;8;37.88;0.8092222222222222;0.14814814814814814;0.7014814814814815
45181593;3.232;0;3.232;0.19011764705882353;0.0;0.19011764705882353
45181602;7.028;9;0.0;0.7808888888888889;1.0;0.0
45181603;4.583;0;4.583;0.2864375;0.0;0.2864375
45181604;25.016;1;24.43;0.472;0.018867924528301886;0.4609433962264151
45182603;15.528;15;3.464;0.8172631578947369;0.7894736842105263;0.1823157894736842
45182605;14.617;14;2.769;0.8598235294117648;0.8235294117647058;0.16288235294117648
45183603;13.794;17;1.966;0.726;0.8947368421052632;0.10347368421052631
45183604;33.785000000000004;2;31.785;0.5197692307692309;0.03076923076923077;0.489
45183605;18.261;16;5.502;0.760875;0.6666666666666666;0.22924999999999998
45183606;16.883;16;2.981;0.84415;0.8;0.14905
45184604;20.807;14;9.26;0.7431071428571429;0.5;0.3307142857142857
45184605;16.362;16;2.849;0.779142857142857;0.7619047619047619;0.13566666666666669
45184606;44.858;7;39.119;0.8307037037037036;0.12962962962962962;0.7244259259259259
45184607;19.464;15;6.898;0.8109999999999999;0.625;0.28741666666666665
45185605;16.686;15;3.296;0.8782105263157894;0.7894736842105263;0.1734736842105263
45185607;41.995;12;33.517;0.7635454545454545;0.21818181818181817;0.6094
45186591;1.0;1;0.0;1.0;1.0;0.0
45186606;13.794;17;1.966;0.726;0.8947368421052632;0.10347368421052631
45186608;18.012;18;3.878;0.8187272727272727;0.8181818181818182;0.17627272727272728
45187607;1.421;2;0.0;0.7105;1.0;0.0
45187608;19.533;16;7.227;0.7512692307692308;0.6153846153846154;0.2779615384615385
45187609;17.021;17;2.422;0.8510500000000001;0.85;0.12110000000000001
45188608;11.71;13;1.0;0.8364285714285715;0.9285714285714286;0.07142857142857142
45188610;29.352;15;17.612;0.7338;0.375;0.44029999999999997
45188611;12.006;12;0.728;0.9235384615384615;0.9230769230769231;0.056
45189609;3.253;5;0.0;0.6506000000000001;1.0;0.0
45189611;44.495;8;38.036;0.8239814814814814;0.14814814814814814;0.7043703703703704
45191609;11.891;13;1.0;0.8493571428571428;0.9285714285714286;0.07142857142857142
45191610;16.383;15;3.356;0.8622631578947368;0.7894736842105263;0.17663157894736842
45192610;6.07;7;0.0;0.8671428571428572;1.0;0.0
45192613;11.913;12;0.852;0.9163846153846154;0.9230769230769231;0.06553846153846153
45193554;1.038;0;1.038;0.12975;0.0;0.12975
45193586;0.33999999999999997;0;0.33999999999999997;0.11333333333333333;0.0;0.11333333333333333
45193613;30.901;1;30.308;0.5830377358490566;0.018867924528301886;0.5718490566037736
45193614;13.995000000000001;17;2.334;0.6997500000000001;0.85;0.1167
45194552;12.652000000000001;14;2.017;0.7442352941176471;0.8235294117647058;0.11864705882352941
45194554;0.202;0;0.202;0.202;0.0;0.202
45194613;0.903;1;0.0;0.903;1.0;0.0
45194614;18.245;0;18.245;0.7017307692307693;0.0;0.7017307692307693
45194615;18.245;0;18.245;0.7017307692307693;0.0;0.7017307692307693
45195552;4.579;6;1.0;0.6541428571428571;0.8571428571428571;0.14285714285714285
45195614;11.195;14;1.0;0.7463333333333334;0.9333333333333333;0.06666666666666667
45195615;6.07;0;6.07;0.33722222222222226;0.0;0.33722222222222226
45196615;12.222;13;1.0;0.873;0.9285714285714286;0.07142857142857142
45196617;34.275999999999996;15;23.244;0.7292765957446807;0.3191489361702128;0.4945531914893617
45196618;17.124;15;3.288;0.8562;0.75;0.1644
45197551;7.632;8;1.0;0.848;0.8888888888888888;0.1111111111111111
45197615;3.117;5;0.0;0.6234;1.0;0.0
45197616;9.511;10;0.0;0.9511;1.0;0.0
45197617;44.142;6;39.677;0.8025818181818183;0.10909090909090909;0.7214
45197618;0.556;1;0.0;0.556;1.0;0.0
45198551;5.164;14;0.8440000000000001;0.30376470588235294;0.8235294117647058;0.04964705882352942
45198616;7.884;9;0.0;0.876;1.0;0.0
45198618;15.013;15;2.798;0.8340555555555556;0.8333333333333334;0.15544444444444444
45199550;14.749;15;2.733;0.8193888888888889;0.8333333333333334;0.15183333333333335
45199617;1.351;2;0.0;0.6755;1.0;0.0
45199618;16.726;15;2.781;0.8362999999999999;0.75;0.13905
45200619;11.3;14;1.0;0.7533333333333334;0.9333333333333333;0.06666666666666667
45201618;20.104;14;8.693999999999999;0.7445925925925926;0.5185185185185185;0.32199999999999995
45201619;16.986;16;2.696;0.8493;0.8;0.1348
45202619;2.39;0;2.39;0.149375;0.0;0.149375
45202620;0.783;1;0.0;0.783;1.0;0.0
45203618;11.872;12;0.799;0.9132307692307692;0.9230769230769231;0.06146153846153846
45203620;19.32;15;6.449;0.805;0.625;0.2687083333333333
45204618;17.13;17;2.399;0.8564999999999999;0.85;0.11995
45204619;13.818;17;2.0;0.7272631578947368;0.8947368421052632;0.10526315789473684
45204620;11.885;12;0.732;0.9142307692307692;0.9230769230769231;0.05630769230769231
45205619;17.118;17;2.395;0.8558999999999999;0.85;0.11975
45205620;19.304;15;7.099;0.8043333333333332;0.625;0.2957916666666667
45206619;11.9;12;0.744;0.9153846153846155;0.9230769230769231;0.05723076923076923
45206620;17.672;15;6.1499999999999995;0.6545185185185185;0.5555555555555556;0.22777777777777775
45207620;41.422000000000004;2;39.422000000000004;0.6276060606060607;0.030303030303030304;0.5973030303030303
45207621;15.12;17;2.648;0.756;0.85;0.13240000000000002
45208620;14.692;1;14.241;0.31259574468085105;0.02127659574468085;0.303
45208621;9.31;10;0.0;0.931;1.0;0.0
45209621;17.934;15;9.447;0.5274705882352941;0.4411764705882353;0.2778529411764706
45209622;10.456;16;1.313;0.5808888888888889;0.8888888888888888;0.07294444444444444
45209623;3.406;5;0.0;0.6812;1.0;0.0
45210620;11.891;12;0.757;0.9146923076923077;0.9230769230769231;0.05823076923076923
45210621;3.379;0;3.379;0.14079166666666668;0.0;0.14079166666666668
45211620;9.692;10;0.0;0.9692000000000001;1.0;0.0
45211621;52.715;3;49.799;0.823671875;0.046875;0.778109375
45211622;11.422;12;0.0;0.9518333333333334;1.0;0.0
45212620;9.063;10;0.0;0.9063000000000001;1.0;0.0
45212621;19.146;18;4.96;0.7977500000000001;0.75;0.20666666666666667
45212622;12.225;13;1.0;0.8732142857142857;0.9285714285714286;0.07142857142857142
45213622;14.966999999999999;17;2.598;0.74835;0.85;0.1299
45214542;0.333;0;0.333;0.333;0.0;0.333
45214621;0.58;1;0.0;0.58;1.0;0.0
45214622;11.322;14;1.0;0.7547999999999999;0.9333333333333333;0.06666666666666667
45215540;1.0;1;0.0;1.0;1.0;0.0
45215541;1.665;0;1.665;0.333;0.0;0.333
45215622;16.746;2;16.295;0.2937894736842105;0.03508771929824561;0.2858771929824562
45216541;0.333;0;0.333;0.333;0.0;0.333
45216622;14.378;2;13.995;0.2614181818181818;0.03636363636363636;0.25445454545454543
45216623;1.0;1;0.0;1.0;1.0;0.0
45217622;32.871;2;31.001;0.5301774193548388;0.03225806451612903;0.5000161290322581
45217623;8.205;9;0.0;0.9116666666666666;1.0;0.0
45218539;0.333;0;0.333;0.333;0.0;0.333
45219621;1.367;2;0.0;0.6835;1.0;0.0
45219622;11.206;12;0.0;0.9338333333333333;1.0;0.0
45219623;3.912;5;0.0;0.7824;1.0;0.0
45221623;12.946;2;12.548;0.22712280701754387;0.03508771929824561;0.22014035087719297
45221624;2.699;4;0.0;0.67475;1.0;0.0
45222622;0.719;1;0.0;0.719;1.0;0.0
45222623;16.524;15;2.657;0.8262;0.75;0.13285
45222624;9.846;10;0.0;0.9846;1.0;0.0
45223623;13.98;17;2.306;0.6990000000000001;0.85;0.1153
45224623;9.44;10;0.0;0.944;1.0;0.0
45224624;13.583;17;1.931;0.7148947368421052;0.8947368421052632;0.10163157894736842
45224625;15.064;16;2.729;0.7928421052631579;0.8421052631578947;0.14363157894736842
45225624;9.6;10;0.0;0.96;1.0;0.0
45225626;15.885;15;3.455;0.8360526315789474;0.7894736842105263;0.1818421052631579
45226625;10.499;11;0.0;0.9544545454545456;1.0;0.0
45227625;0.641;1;0.0;0.641;1.0;0.0
45227626;12.8;15;2.044;0.6736842105263158;0.7894736842105263;0.10757894736842105
45227627;11.802;13;1.0;0.843;0.9285714285714286;0.07142857142857142
45228628;17.263;19;2.855;0.7846818181818183;0.8636363636363636;0.12977272727272726
45229628;15.022;5;13.864;0.2731272727272727;0.09090909090909091;0.2520727272727273
45229629;25.264;2;23.931;0.3827878787878788;0.030303030303030304;0.36259090909090913
45230531;1.026;0;1.026;0.12825;0.0;0.12825
45230628;9.134;10;0.0;0.9134;1.0;0.0
45230629;17.273;2;16.734;0.2878833333333333;0.03333333333333333;0.27890000000000004
45230630;11.854000000000001;15;2.846;0.6238947368421053;0.7894736842105263;0.14978947368421053
45231629;12.166;15;1.359;0.7156470588235294;0.8823529411764706;0.07994117647058824
45231630;11.72;13;1.0;0.8371428571428572;0.9285714285714286;0.07142857142857142
45231631;8.626;10;0.0;0.8625999999999999;1.0;0.0
45231632;2.493;4;0.0;0.62325;1.0;0.0
45232530;0.88;0;0.88;0.29333333333333333;0.0;0.29333333333333333
45232630;11.246;12;0.0;0.9371666666666667;1.0;0.0
45232631;12.136;17;1.93;0.6068;0.85;0.0965
45233631;12.192;15;2.777;0.6416842105263157;0.7894736842105263;0.14615789473684213
45233632;12.407;17;2.015;0.62035;0.85;0.10075
45233633;12.285;17;1.294;0.646578947368421;0.8947368421052632;0.06810526315789474
45233635;11.816;12;0.771;0.908923076923077;0.9230769230769231;0.05930769230769231
45234530;0.266;0;0.266;0.266;0.0;0.266
45234633;11.639;12;0.0;0.9699166666666666;1.0;0.0
45234634;11.992;15;2.8200000000000003;0.6311578947368421;0.7894736842105263;0.14842105263157895
45234635;12.192;13;0.984;0.8708571428571429;0.9285714285714286;0.07028571428571428
45235529;11.391;1;11.115;0.29207692307692307;0.02564102564102564;0.28500000000000003
45235634;7.449;9;0.0;0.8276666666666667;1.0;0.0
45235635;35.79;5;33.359;0.577258064516129;0.08064516129032258;0.5380483870967743
45235636;12.166;17;1.939;0.6083000000000001;0.85;0.09695000000000001
45235637;12.602;16;1.2349999999999999;0.7001111111111111;0.8888888888888888;0.06861111111111111
45235638;16.558;19;3.191;0.7199130434782609;0.8260869565217391;0.13873913043478261
45236636;13.604;17;2.0;0.716;0.8947368421052632;0.10526315789473684
45236637;12.073;13;1.0;0.8623571428571429;0.9285714285714286;0.07142857142857142
45236638;11.267;17;1.716;0.56335;0.85;0.0858
45236639;13.129;16;1.745;0.7293888888888889;0.8888888888888888;0.09694444444444444
45237528;0.208;1;0.0;0.208;1.0;0.0
45237555;0.9299999999999999;0;0.9299999999999999;0.186;0.0;0.186
45237637;14.02;18;2.0;0.701;0.9;0.1
45237638;12.276;17;1.315;0.6461052631578947;0.8947368421052632;0.06921052631578947
45237639;12.795;16;2.106;0.63975;0.8;0.10529999999999999
45237640;1.867;3;0.0;0.6223333333333333;1.0;0.0
45237641;0.343;1;0.0;0.343;1.0;0.0
45238528;2.35;0;2.35;0.16785714285714287;0.0;0.16785714285714287
45238639;15.906;15;2.239;0.8836666666666667;0.8333333333333334;0.12438888888888888
45238640;11.442;13;2.0949999999999998;0.715125;0.8125;0.13093749999999998
45238641;11.765;13;1.0;0.8403571428571429;0.9285714285714286;0.07142857142857142
45238642;6.851;8;0.0;0.856375;1.0;0.0
45239640;16.4;16;2.755;0.82;0.8;0.13774999999999998
45239641;16.589;15;2.714;0.8294499999999999;0.75;0.1357
45239643;19.235;15;6.498;0.8014583333333333;0.625;0.27075
45240641;16.251;15;2.415;0.8553157894736843;0.7894736842105263;0.12710526315789475
45240642;9.493;16;2.613;0.4520476190476191;0.7619047619047619;0.12442857142857143
45240643;10.542;16;3.2920000000000003;0.43925;0.6666666666666666;0.1371666666666667
45240644;7.874;9;0.0;0.8748888888888888;1.0;0.0
45241642;15.283;15;2.422;0.8490555555555556;0.8333333333333334;0.13455555555555557
45241643;9.453;17;1.831;0.42968181818181816;0.7727272727272727;0.08322727272727272
45241644;11.982;13;1.0;0.8558571428571428;0.9285714285714286;0.07142857142857142
45241645;12.079;13;0.916;0.8627857142857144;0.9285714285714286;0.06542857142857143
45242643;11.511;12;0.0;0.9592499999999999;1.0;0.0
45242644;13.662;15;2.153;0.759;0.8333333333333334;0.11961111111111111
45242645;13.531;17;1.746;0.67655;0.85;0.0873
45242646;17.012;16;3.359;0.8506;0.8;0.16795
45243644;1.0;1;0.0;1.0;1.0;0.0
45243645;15.005;15;2.825;0.8336111111111112;0.8333333333333334;0.15694444444444444
45243646;14.388;17;1.983;0.7194;0.85;0.09915
45243647;15.955;15;2.266;0.8863888888888889;0.8333333333333334;0.12588888888888888
45244645;5.017;6;0.0;0.8361666666666667;1.0;0.0
45244646;14.479;17;2.015;0.72395;0.85;0.10075
45244647;12.048;13;0.863;0.8605714285714285;0.9285714285714286;0.061642857142857145
45244648;19.202;13;7.772;0.8000833333333334;0.5416666666666666;0.32383333333333336
45245646;9.481;10;0.0;0.9480999999999999;1.0;0.0
45245647;11.221;13;1.0;0.8015;0.9285714285714286;0.07142857142857142
45245648;13.413;15;2.6630000000000003;0.67065;0.75;0.13315000000000002
45245649;16.059;16;2.362;0.8452105263157895;0.8421052631578947;0.12431578947368421
45246647;0.716;1;0.0;0.716;1.0;0.0
45246648;14.001;15;2.644;0.70005;0.75;0.1322
45246649;12.116;13;1.0;0.8654285714285714;0.9285714285714286;0.07142857142857142
45247648;10.44;11;0.0;0.9490909090909091;1.0;0.0
45247649;11.944;16;1.283;0.6635555555555556;0.8888888888888888;0.07127777777777777
45247650;0.635;1;0.0;0.635;1.0;0.0
45248649;13.282;17;1.679;0.6641;0.85;0.08395
45248650;13.377;15;2.1950000000000003;0.7431666666666668;0.8333333333333334;0.12194444444444447
45249650;11.453;13;1.0;0.8180714285714286;0.9285714285714286;0.07142857142857142
45249651;11.402000000000001;13;1.0;0.8144285714285715;0.9285714285714286;0.07142857142857142
45250522;0.129;0;0.129;0.129;0.0;0.129
45250651;12.002;13;0.797;0.8572857142857143;0.9285714285714286;0.05692857142857143
45257545;3.262;0;3.262;0.203875;0.0;0.203875
45267516;1.7730000000000001;0;1.7730000000000001;0.12664285714285714;0.0;0.12664285714285714
45290537;0.187;0;0.187;0.187;0.0;0.187
45298536;0.208;0;0.208;0.208;0.0;0.208
45300536;5.159;0;5.159;0.19107407407407406;0.0;0.19107407407407406
45304507;12.321000000000002;1;11.988000000000001;0.333;0.02702702702702703;0.324
45305535;9.183;9;2.0;0.8348181818181818;0.8181818181818182;0.18181818181818182
45307507;0.208;0;0.208;0.208;0.0;0.208
45325503;3.905;5;1.0;0.6508333333333333;0.8333333333333334;0.16666666666666666
45333504;0.118;0;0.118;0.118;0.0;0.118
45340503;18.082;2;17.416;0.32289285714285715;0.03571428571428571;0.311
45347503;1.9540000000000002;5;0.666;0.2791428571428572;0.7142857142857143;0.09514285714285715
45349500;0.98;2;0.0;0.49;1.0;0.0
45349501;0.337;1;0.0;0.337;1.0;0.0
45352502;0.599;2;0.28800000000000003;0.14975;0.5;0.07200000000000001
45353502;0.448;0;0.448;0.14933333333333335;0.0;0.14933333333333335
45353533;0.333;1;0.0;0.333;1.0;0.0
45354493;1.0;1;0.0;1.0;1.0;0.0
45355534;11.0;11;0.0;1.0;1.0;0.0
45356491;1.0;1;0.0;1.0;1.0;0.0
45357534;14.626;2;14.071;0.29848979591836733;0.04081632653061224;0.28716326530612246
45358534;0.195;0;0.195;0.195;0.0;0.195
45370503;15.132;2;14.634;0.2702142857142857;0.03571428571428571;0.2613214285714286
45372503;9.345;12;1.566;0.623;0.8;0.1044
45377504;0.333;0;0.333;0.333;0.0;0.333
45391505;0.319;0;0.319;0.319;0.0;0.319
45396504;4.294;5;0.0;0.8587999999999999;1.0;0.0
45397504;10.241;11;0.0;0.9309999999999999;1.0;0.0
45401504;0.549;1;0.0;0.549;1.0;0.0
45404505;0.171;0;0.171;0.171;0.0;0.171
45406504;1.0;1;0.0;1.0;1.0;0.0
45407535;1.481;0;1.481;0.16455555555555557;0.0;0.16455555555555557
45413504;0.241;0;0.241;0.241;0.0;0.241
45414504;0.333;0;0.333;0.333;0.0;0.333
45420503;0.25;0;0.25;0.25;0.0;0.25
45420535;6.798;7;0.0;0.9711428571428572;1.0;0.0
45421503;0.182;0;0.182;0.182;0.0;0.182
45421535;3.374;4;0.0;0.8435;1.0;0.0
45424502;1.208;0;1.208;0.20133333333333334;0.0;0.20133333333333334
45424534;0.556;0;0.556;0.139;0.0;0.139
45425502;2.118;0;2.118;0.15128571428571427;0.0;0.15128571428571427
45429534;7.708;9;1.0;0.7708;0.9;0.1
45438501;1.363;0;1.363;0.2726;0.0;0.2726
45445531;0.228;1;0.0;0.228;1.0;0.0
45454530;0.139;1;0.0;0.139;1.0;0.0
45455529;0.228;0;0.228;0.228;0.0;0.228
45456529;0.252;0;0.252;0.252;0.0;0.252
45456530;0.565;2;0.273;0.14125;0.5;0.06825
45458529;0.333;0;0.333;0.333;0.0;0.333
45460529;0.42300000000000004;0;0.42300000000000004;0.14100000000000001;0.0;0.14100000000000001
45461529;0.333;1;0.0;0.333;1.0;0.0
45463529;2.8049999999999997;3;0.0;0.9349999999999999;1.0;0.0
45464529;10.075;12;1.0;0.7749999999999999;0.9230769230769231;0.07692307692307693
45465529;0.808;1;0.0;0.808;1.0;0.0
45466529;3.448;4;1.0;0.6896;0.8;0.2
45467529;1.8599999999999999;2;0.0;0.9299999999999999;1.0;0.0
45468529;0.728;1;0.0;0.728;1.0;0.0
45469529;0.489;1;0.0;0.489;1.0;0.0
45470528;11.063;0;11.063;0.6914375;0.0;0.6914375
45471528;0.549;0;0.549;0.549;0.0;0.549
45472529;0.799;1;0.0;0.799;1.0;0.0
45477528;0.783;1;0.0;0.783;1.0;0.0
45478528;11.039;12;0.0;0.9199166666666666;1.0;0.0
45479528;11.222;12;0.496;0.8632307692307692;0.9230769230769231;0.038153846153846156
45480528;11.504;13;1.0;0.8217142857142857;0.9285714285714286;0.07142857142857142
45481528;10.993;12;0.0;0.9160833333333334;1.0;0.0
45481529;0.981;1;0.0;0.981;1.0;0.0
45482528;11.621;12;0.0;0.9684166666666667;1.0;0.0
45482529;10.309;11;0.0;0.9371818181818181;1.0;0.0
45483528;60.085;2;58.085;0.8462676056338029;0.028169014084507043;0.8180985915492958
45485528;11.635;13;0.94;0.8310714285714286;0.9285714285714286;0.06714285714285714
45486513;5.957;9;1.834;0.5415454545454546;0.8181818181818182;0.16672727272727272
45486528;11.775;16;1.264;0.6541666666666667;0.8888888888888888;0.07022222222222223
45487527;65.099;2;63.099;0.916887323943662;0.028169014084507043;0.8887183098591549
45487528;12.402;16;1.272;0.689;0.8888888888888888;0.07066666666666667
45488528;12.968;16;1.884;0.7204444444444444;0.8888888888888888;0.10466666666666666
45489528;11.406;12;0.0;0.9505;1.0;0.0
45493527;14.022;14;2.629;0.779;0.7777777777777778;0.14605555555555555
45494519;6.259;18;1.281;0.27213043478260873;0.782608695652174;0.05569565217391304
45495519;4.382;5;0.0;0.8764;1.0;0.0
45496526;10.742;12;0.0;0.8951666666666668;1.0;0.0
45497526;9.19;10;0.0;0.9189999999999999;1.0;0.0
